market,ticker,expectedCagr,priceCagr10y,mdd,beta,dataYears,benchmarkTicker,metricsStatus,metricsSource,reviewReason
KR,069500,18.43,18.43,-40.65,1.03,9.99,^KS11,ready,yfinance_kr_close_price_20260528,
KR,102110,18.41,18.41,-40.69,1.03,9.99,^KS11,ready,yfinance_kr_close_price_20260528,
KR,278530,19.91,19.91,-38.14,1.03,8.51,^KS11,ready,yfinance_kr_close_price_20260528,
KR,148020,18.47,18.47,-41.38,1.03,9.99,^KS11,ready,yfinance_kr_close_price_20260528,
KR,105190,18.45,18.45,-40.9,1.03,9.99,^KS11,ready,yfinance_kr_close_price_20260528,
KR,152100,18.57,18.57,-42.85,1.02,9.99,^KS11,ready,yfinance_kr_close_price_20260528,
KR,005930,14.12,14.12,-41.3,1.0,9.99,^KS11,ready,yfinance_kr_close_price_20260528,
KR,207940,21.72,21.72,-50.5,0.57,9.73,^KS11,ready,yfinance_kr_close_price_20260528,
KR,000660,30.11,30.11,-71.43,1.38,9.99,^KS11,ready,yfinance_kr_close_price_20260528,
KR,005380,12.86,12.86,-50.39,0.98,9.99,^KS11,ready,yfinance_kr_close_price_20260528,
KR,005490,11.3,11.3,-50.64,0.88,9.99,^KS11,ready,yfinance_kr_close_price_20260528,
KR,006400,9.67,9.67,-53.85,1.15,9.99,^KS11,ready,yfinance_kr_close_price_20260528,
KR,035420,7.14,7.14,-74.64,0.97,9.99,^KS11,ready,yfinance_kr_close_price_20260528,
KR,035720,17.23,17.23,-82.07,1.19,9.99,^KS11,ready,yfinance_kr_close_price_20260528,
KR,051910,6.23,6.23,-78.17,1.11,9.99,^KS11,ready,yfinance_kr_close_price_20260528,
KR,055550,6.43,6.43,-48.21,0.92,9.99,^KS11,ready,yfinance_kr_close_price_20260528,
KR,068270,7.78,7.78,-71.01,1.05,9.99,^KS11,ready,yfinance_kr_close_price_20260528,
KR,373220,21.57,21.57,-68.31,1.36,2.33,^KS11,short_history,yfinance_kr_close_price_20260528,price history shorter than 3 years
KR,435420,17.65,17.65,-51.46,0.91,2.5,^KS11,short_history,yfinance_kr_close_price_20260528,price history shorter than 3 years
KR,000270,10.49,10.49,-58.86,1.01,9.99,^KS11,ready,yfinance_kr_close_price_20260528,
KR,012450,14.83,14.83,-42.56,0.61,9.99,^KS11,ready,yfinance_kr_close_price_20260528,
KR,329180,18.1,18.1,-41.71,1.03,5.32,^KS11,ready,yfinance_kr_close_price_20260528,
KR,032830,12.24,12.24,-54.09,0.76,9.99,^KS11,ready,yfinance_kr_close_price_20260528,
KR,028260,14.45,14.45,-38.87,0.79,9.99,^KS11,ready,yfinance_kr_close_price_20260528,
KR,086790,10.79,10.79,-53.8,1.04,9.99,^KS11,ready,yfinance_kr_close_price_20260528,
KR,015760,-6.25,-6.25,-62.41,0.54,9.99,^KS11,ready,yfinance_kr_close_price_20260528,
KR,316140,17.99,17.99,-41.71,1.03,5.32,^KS11,ready,yfinance_kr_close_price_20260528,
KR,009150,10.13,10.13,-60.97,1.17,9.99,^KS11,ready,yfinance_kr_close_price_20260528,
KR,033780,6.22,6.22,-42.43,0.67,9.99,^KS11,ready,yfinance_kr_close_price_20260528,
KR,042660,4.3,4.3,-70.05,1.29,9.99,^KS11,ready,yfinance_kr_close_price_20260528,
KR,259960,9.21,9.21,-79.91,1.0,8.1,^KS11,ready,yfinance_kr_close_price_20260528,
KR,034020,13.88,13.88,-55.52,1.31,9.99,^KS11,ready,yfinance_kr_close_price_20260528,
KR,010140,16.28,16.28,-65.99,1.54,9.99,^KS11,ready,yfinance_kr_close_price_20260528,
KR,030200,1.12,1.12,-35.94,0.56,9.99,^KS11,ready,yfinance_kr_close_price_20260528,
KR,267260,1.24,1.24,-64.3,1.05,8.06,^KS11,ready,yfinance_kr_close_price_20260528,
KR,003550,7.67,7.67,-40.68,0.94,9.99,^KS11,ready,yfinance_kr_close_price_20260528,
KR,323410,8.99,8.99,-44.35,1.02,5.49,^KS11,ready,yfinance_kr_close_price_20260528,
KR,402340,1.36,1.36,-51.37,1.04,3.79,^KS11,ready,yfinance_kr_close_price_20260528,
KR,000810,16.07,16.07,-42.26,0.73,9.99,^KS11,ready,yfinance_kr_close_price_20260528,
KR,017670,1.53,1.53,-41.88,0.62,9.99,^KS11,ready,yfinance_kr_close_price_20260528,
KR,096770,1.06,1.06,-67.57,1.5,9.99,^KS11,ready,yfinance_kr_close_price_20260528,
KR,010950,4.21,4.21,-73.07,1.49,9.99,^KS11,ready,yfinance_kr_close_price_20260528,
KR,011200,4.89,4.89,-80.86,1.21,9.99,^KS11,ready,yfinance_kr_close_price_20260528,
KR,352820,-0.03,-0.03,-76.57,0.88,5.58,^KS11,ready,yfinance_kr_close_price_20260528,
KR,251340,17.35,17.35,-73.42,1.25,7.95,^KS11,ready,yfinance_kr_close_price_20260528,
KR,018260,1.16,1.16,-68.61,1.23,9.99,^KS11,ready,yfinance_kr_close_price_20260528,
KR,011070,-0.97,-0.97,-67.11,1.37,9.99,^KS11,ready,yfinance_kr_close_price_20260528,
KR,326030,11.84,11.84,-29.89,0.47,5.39,^KS11,ready,yfinance_kr_close_price_20260528,
KR,051900,7.78,7.78,-52.49,0.86,9.99,^KS11,ready,yfinance_kr_close_price_20260528,
KR,090430,2.9,2.9,-63.96,0.86,9.99,^KS11,ready,yfinance_kr_close_price_20260528,
KR,377300,-1.87,-1.87,-66.11,1.0,2.15,^KS11,short_history,yfinance_kr_close_price_20260528,price history shorter than 3 years
KR,450080,44.53,44.53,-12.38,0.54,0.53,^KS11,review_required,yfinance_kr_close_price_20260528,price history shorter than 1 year
KR,161390,17.54,17.54,-50.88,1.03,9.99,^KS11,ready,yfinance_kr_close_price_20260528,
KR,000720,14.74,14.74,-71.92,1.16,9.99,^KS11,ready,yfinance_kr_close_price_20260528,
KR,086280,12.8,12.8,-64.18,1.11,9.99,^KS11,ready,yfinance_kr_close_price_20260528,
KR,009540,1.35,1.35,-71.32,1.24,9.99,^KS11,ready,yfinance_kr_close_price_20260528,
KR,180640,5.67,5.67,-65.31,1.25,9.99,^KS11,ready,yfinance_kr_close_price_20260528,
KR,010120,10.72,10.72,-57.64,1.01,9.99,^KS11,ready,yfinance_kr_close_price_20260528,
KR,034730,11.21,11.21,-66.53,1.19,9.99,^KS11,ready,yfinance_kr_close_price_20260528,
KR,066570,-3.46,-3.46,-71.08,1.14,9.99,^KS11,ready,yfinance_kr_close_price_20260528,
KR,267250,9.35,9.35,-33.26,0.66,7.82,^KS11,ready,yfinance_kr_close_price_20260528,
KR,024110,0.72,0.72,-52.29,0.97,9.99,^KS11,ready,yfinance_kr_close_price_20260528,
KR,271560,6.75,6.75,-62.43,0.99,7.34,^KS11,ready,yfinance_kr_close_price_20260528,
KR,047810,18.68,18.68,-41.59,0.78,9.99,^KS11,ready,yfinance_kr_close_price_20260528,
KR,078930,3.69,3.69,-58.77,1.04,9.99,^KS11,ready,yfinance_kr_close_price_20260528,
KR,011170,1.72,1.72,-65.16,1.28,9.99,^KS11,ready,yfinance_kr_close_price_20260528,
KR,097950,-2.5,-2.5,-51.42,0.74,9.99,^KS11,ready,yfinance_kr_close_price_20260528,
KR,010130,-1.74,-1.74,-70.71,1.08,9.99,^KS11,ready,yfinance_kr_close_price_20260528,
KR,138930,6.88,6.88,-51.16,0.89,9.99,^KS11,ready,yfinance_kr_close_price_20260528,
KR,030000,10.44,10.44,-62.15,1.02,9.99,^KS11,ready,yfinance_kr_close_price_20260528,
KR,272210,19.87,19.87,-54.88,0.92,7.74,^KS11,ready,yfinance_kr_close_price_20260528,
KR,021240,12.31,12.31,-55.07,0.88,9.99,^KS11,ready,yfinance_kr_close_price_20260528,
KR,128940,12.56,12.56,-49.92,0.98,9.99,^KS11,ready,yfinance_kr_close_price_20260528,
KR,006800,17.03,17.03,-69.6,1.28,9.99,^KS11,ready,yfinance_kr_close_price_20260528,
KR,028050,9.9,9.9,-61.55,1.24,9.99,^KS11,ready,yfinance_kr_close_price_20260528,
KR,032640,-8.22,-8.22,-71.02,0.65,9.99,^KS11,ready,yfinance_kr_close_price_20260528,
KR,071050,7.79,7.79,-74.15,1.09,9.99,^KS11,ready,yfinance_kr_close_price_20260528,
KR,036570,4.42,4.42,-70.7,1.12,9.99,^KS11,ready,yfinance_kr_close_price_20260528,
KR,241560,4.25,4.25,-83.92,1.02,7.9,^KS11,ready,yfinance_kr_close_price_20260528,
KR,000100,4.46,4.46,-69.12,0.63,9.99,^KS11,ready,yfinance_kr_close_price_20260528,
KR,018880,8.41,8.41,-64.37,1.17,9.99,^KS11,ready,yfinance_kr_close_price_20260528,
KR,302440,6.46,6.46,-54.87,1.13,6.15,^KS11,ready,yfinance_kr_close_price_20260528,
KR,005830,9.78,9.78,-49.85,0.85,9.99,^KS11,ready,yfinance_kr_close_price_20260528,
KR,071055,5.11,5.11,-43.5,0.76,9.99,^KS11,ready,yfinance_kr_close_price_20260528,
KR,001450,-0.1,-0.1,-69.38,0.83,9.99,^KS11,ready,yfinance_kr_close_price_20260528,
KR,016360,11.67,11.67,-62.46,1.42,9.99,^KS11,ready,yfinance_kr_close_price_20260528,
KR,011780,12.43,12.43,-68.91,1.39,9.99,^KS11,ready,yfinance_kr_close_price_20260528,
KR,000150,9.58,9.58,-67.72,1.11,9.99,^KS11,ready,yfinance_kr_close_price_20260528,
KR,454910,-1.72,-1.72,-47.86,1.01,2.15,^KS11,short_history,yfinance_kr_close_price_20260528,price history shorter than 3 years
KR,008770,9.39,9.39,-62.93,1.26,9.99,^KS11,ready,yfinance_kr_close_price_20260528,
KR,361610,-21.92,-21.92,-86.41,1.28,5.13,^KS11,ready,yfinance_kr_close_price_20260528,
KR,014680,16.81,16.81,-50.71,1.18,9.99,^KS11,ready,yfinance_kr_close_price_20260528,
KR,003670,84.0,84.0,-73.97,1.63,9.99,^KS11,ready,yfinance_kr_close_price_20260528,
KR,079550,2.44,2.44,-75.07,0.81,9.99,^KS11,ready,yfinance_kr_close_price_20260528,
KR,005940,4.88,4.88,-55.53,1.14,9.99,^KS11,ready,yfinance_kr_close_price_20260528,
KR,007070,11.77,11.77,-58.26,1.43,9.99,^KS11,ready,yfinance_kr_close_price_20260528,
KR,029780,9.15,9.15,-56.55,1.0,9.99,^KS11,ready,yfinance_kr_close_price_20260528,
KR,002380,10.14,10.14,-57.58,0.94,9.99,^KS11,ready,yfinance_kr_close_price_20260528,
KR,005387,15.91,15.91,-58.64,1.0,9.99,^KS11,ready,yfinance_kr_close_price_20260528,
KR,004370,4.37,4.37,-49.26,0.89,9.99,^KS11,ready,yfinance_kr_close_price_20260528,
KR,000880,5.9,5.9,-70.15,1.07,9.99,^KS11,ready,yfinance_kr_close_price_20260528,
KR,000080,3.43,3.43,-55.19,0.97,9.99,^KS11,ready,yfinance_kr_close_price_20260528,
KR,00088K,5.71,5.71,-55.15,0.97,9.99,^KS11,ready,yfinance_kr_close_price_20260528,
KR,001040,-0.17,-0.17,-59.46,0.93,9.99,^KS11,ready,yfinance_kr_close_price_20260528,
KR,00104K,-0.17,-0.17,-59.46,0.93,9.99,^KS11,ready,yfinance_kr_close_price_20260528,
KR,004000,5.26,5.26,-54.0,0.89,9.99,^KS11,ready,yfinance_kr_close_price_20260528,
KR,003490,-0.14,-0.14,-67.7,1.28,9.99,^KS11,ready,yfinance_kr_close_price_20260528,
KR,18064K,5.67,5.67,-65.31,1.25,9.99,^KS11,ready,yfinance_kr_close_price_20260528,
KR,047040,18.68,18.68,-41.59,0.78,9.99,^KS11,ready,yfinance_kr_close_price_20260528,
KR,383220,4.15,4.15,-65.42,1.33,4.44,^KS11,ready,yfinance_kr_close_price_20260528,
KR,058470,10.78,10.78,-59.28,0.82,9.99,^KS11,ready,yfinance_kr_close_price_20260528,
KR,241590,5.76,5.76,-54.87,1.0,9.99,^KS11,ready,yfinance_kr_close_price_20260528,
KR,005385,12.41,12.41,-52.22,0.96,9.99,^KS11,ready,yfinance_kr_close_price_20260528,
KR,051915,2.03,2.03,-49.45,0.79,9.99,^KS11,ready,yfinance_kr_close_price_20260528,
KR,006405,9.67,9.67,-53.85,1.15,9.99,^KS11,ready,yfinance_kr_close_price_20260528,
KR,000815,16.1,16.1,-42.34,0.73,9.99,^KS11,ready,yfinance_kr_close_price_20260528,
KR,006120,4.32,4.32,-60.48,1.13,9.99,^KS11,ready,yfinance_kr_close_price_20260528,
KR,018670,-6.24,-6.24,-62.66,0.53,9.99,^KS11,ready,yfinance_kr_close_price_20260528,
KR,003690,-3.96,-3.96,-77.24,1.09,9.99,^KS11,ready,yfinance_kr_close_price_20260528,
KR,005935,6.36,6.36,-40.36,0.92,9.99,^KS11,ready,yfinance_kr_close_price_20260528,
KR,000087,3.19,3.19,-52.5,0.95,9.99,^KS11,ready,yfinance_kr_close_price_20260528,
KR,004990,1.69,1.69,-62.06,0.97,9.99,^KS11,ready,yfinance_kr_close_price_20260528,
KR,006805,5.32,5.32,-53.6,0.76,9.99,^KS11,ready,yfinance_kr_close_price_20260528,
KR,016380,4.3,4.3,-72.55,1.32,9.99,^KS11,ready,yfinance_kr_close_price_20260528,
KR,300720,1.35,1.35,-70.18,1.3,6.27,^KS11,ready,yfinance_kr_close_price_20260528,
KR,000547,1.85,1.85,-45.09,0.86,9.99,^KS11,ready,yfinance_kr_close_price_20260528,
KR,009155,6.81,6.81,-52.23,0.93,9.99,^KS11,ready,yfinance_kr_close_price_20260528,
KR,033780,-0.3,-0.3,-54.57,0.77,9.99,^KS11,ready,yfinance_kr_close_price_20260528,
KR,034220,8.9,8.9,-57.6,1.48,9.99,^KS11,ready,yfinance_kr_close_price_20260528,
KR,005945,5.08,5.08,-41.7,0.82,9.99,^KS11,ready,yfinance_kr_close_price_20260528,
KR,071320,-10.59,-10.59,-71.23,1.21,9.99,^KS11,ready,yfinance_kr_close_price_20260528,
KR,004490,-1.18,-1.18,-74.57,1.25,9.99,^KS11,ready,yfinance_kr_close_price_20260528,
KR,007310,-3.3,-3.3,-67.32,1.3,9.99,^KS11,ready,yfinance_kr_close_price_20260528,
KR,013890,2.43,2.43,-65.71,1.22,9.99,^KS11,ready,yfinance_kr_close_price_20260528,
KR,103140,5.33,5.33,-55.97,1.18,9.99,^KS11,ready,yfinance_kr_close_price_20260528,
KR,381970,-11.74,-11.74,-62.23,1.1,5.07,^KS11,ready,yfinance_kr_close_price_20260528,
KR,006110,4.3,4.3,-72.45,1.32,9.99,^KS11,ready,yfinance_kr_close_price_20260528,
KR,009830,-8.47,-8.47,-71.9,1.3,9.99,^KS11,ready,yfinance_kr_close_price_20260528,
KR,003410,5.19,5.19,-55.74,1.01,9.99,^KS11,ready,yfinance_kr_close_price_20260528,
KR,009835,-0.63,-0.63,-49.15,0.88,9.99,^KS11,ready,yfinance_kr_close_price_20260528,
KR,00104C,-0.17,-0.17,-59.46,0.93,9.99,^KS11,ready,yfinance_kr_close_price_20260528,
KR,031430,5.48,5.48,-57.28,0.99,9.99,^KS11,ready,yfinance_kr_close_price_20260528,
KR,00680K,16.92,16.92,-67.99,1.28,9.99,^KS11,ready,yfinance_kr_close_price_20260528,
KR,022100,0.65,0.65,-63.21,1.26,9.99,^KS11,ready,yfinance_kr_close_price_20260528,
KR,36328K,4.1,4.1,-68.42,0.99,5.06,^KS11,ready,yfinance_kr_close_price_20260528,
KR,012450,15.0,15.0,-42.61,0.6,9.99,^KS11,ready,yfinance_kr_close_price_20260528,
KR,086790,10.96,10.96,-53.8,1.03,9.99,^KS11,ready,yfinance_kr_close_price_20260528,
KR,371460,6.47,6.47,-73.83,1.43,4.98,^KS11,ready,yfinance_kr_close_price_20260528,
KR,011210,6.53,6.53,-66.18,1.13,9.99,^KS11,ready,yfinance_kr_close_price_20260528,
KR,009970,-7.67,-7.67,-65.74,0.96,9.99,^KS11,ready,yfinance_kr_close_price_20260528,
KR,011790,6.78,6.78,-78.32,1.29,9.99,^KS11,ready,yfinance_kr_close_price_20260528,
KR,003620,-3.93,-3.93,-73.63,1.24,9.99,^KS11,ready,yfinance_kr_close_price_20260528,
KR,000370,4.39,4.39,-55.16,0.83,9.99,^KS11,ready,yfinance_kr_close_price_20260528,
KR,100840,11.95,11.95,-49.26,0.74,9.99,^KS11,ready,yfinance_kr_close_price_20260528,
KR,00088L,5.9,5.9,-70.15,1.07,9.99,^KS11,ready,yfinance_kr_close_price_20260528,
KR,032830,12.29,12.29,-53.8,0.75,9.99,^KS11,ready,yfinance_kr_close_price_20260528,
KR,002710,-9.68,-9.68,-70.06,1.0,9.99,^KS11,ready,yfinance_kr_close_price_20260528,
KR,023800,3.61,3.61,-44.99,0.88,9.99,^KS11,ready,yfinance_kr_close_price_20260528,
KR,010145,4.61,4.61,-74.28,1.46,9.99,^KS11,ready,yfinance_kr_close_price_20260528,
KR,00104Y,-0.17,-0.17,-59.46,0.93,9.99,^KS11,ready,yfinance_kr_close_price_20260528,
KR,000725,10.89,10.89,-60.58,1.06,9.99,^KS11,ready,yfinance_kr_close_price_20260528,
KR,001560,-4.78,-4.78,-67.49,1.01,9.99,^KS11,ready,yfinance_kr_close_price_20260528,
KR,008930,3.59,3.59,-48.29,0.72,9.99,^KS11,ready,yfinance_kr_close_price_20260528,
KR,008775,9.59,9.59,-62.97,1.23,9.99,^KS11,ready,yfinance_kr_close_price_20260528,
KR,45226K,1.83,1.83,-44.46,0.66,2.16,^KS11,short_history,yfinance_kr_close_price_20260528,price history shorter than 3 years
KR,375500,-3.21,-3.21,-77.74,1.05,4.62,^KS11,ready,yfinance_kr_close_price_20260528,
KR,475070,15.39,15.39,-49.23,0.9,1.18,^KS11,short_history,yfinance_kr_close_price_20260528,price history shorter than 3 years
KR,443060,4.27,4.27,-34.36,0.52,1.73,^KS11,short_history,yfinance_kr_close_price_20260528,price history shorter than 3 years
KR,463290,20.79,20.79,-44.17,0.62,0.97,^KS11,review_required,yfinance_kr_close_price_20260528,price history shorter than 1 year
KR,451800,31.65,31.65,-45.54,0.78,1.74,^KS11,short_history,yfinance_kr_close_price_20260528,price history shorter than 3 years
KR,003120,4.84,4.84,-82.62,1.08,9.99,^KS11,ready,yfinance_kr_close_price_20260528,
KR,004020,-0.11,-0.11,-72.5,1.15,9.99,^KS11,ready,yfinance_kr_close_price_20260528,
KR,017800,4.74,4.74,-61.8,1.08,9.99,^KS11,ready,yfinance_kr_close_price_20260528,
KR,298050,2.8,2.8,-74.39,1.46,5.22,^KS11,ready,yfinance_kr_close_price_20260528,
KR,470310,20.48,20.48,-48.71,0.72,1.36,^KS11,short_history,yfinance_kr_close_price_20260528,price history shorter than 3 years
KR,001440,-9.48,-9.48,-69.24,1.39,9.99,^KS11,ready,yfinance_kr_close_price_20260528,
KR,005965,-4.68,-4.68,-59.29,0.57,9.99,^KS11,ready,yfinance_kr_close_price_20260528,
KR,001510,-11.7,-11.7,-83.56,1.47,9.99,^KS11,ready,yfinance_kr_close_price_20260528,
KR,005360,5.85,5.85,-63.77,1.17,9.99,^KS11,ready,yfinance_kr_close_price_20260528,
KR,126560,5.33,5.33,-54.3,0.99,9.99,^KS11,ready,yfinance_kr_close_price_20260528,
KR,004440,21.18,21.18,-40.58,0.61,9.99,^KS11,ready,yfinance_kr_close_price_20260528,
KR,013360,7.73,7.73,-85.6,1.37,9.99,^KS11,ready,yfinance_kr_close_price_20260528,
KR,000320,0.28,0.28,-71.31,1.28,9.99,^KS11,ready,yfinance_kr_close_price_20260528,
KR,001780,21.5,21.5,-39.74,0.79,9.99,^KS11,ready,yfinance_kr_close_price_20260528,
KR,008260,0.47,0.47,-49.44,1.16,9.99,^KS11,ready,yfinance_kr_close_price_20260528,
KR,069260,3.02,3.02,-60.09,0.96,9.99,^KS11,ready,yfinance_kr_close_price_20260528,
KR,006840,4.51,4.51,-66.92,1.12,9.99,^KS11,ready,yfinance_kr_close_price_20260528,
KR,139130,0.64,0.64,-40.84,0.78,9.99,^KS11,ready,yfinance_kr_close_price_20260528,
KR,000220,14.62,14.62,-46.22,0.76,9.99,^KS11,ready,yfinance_kr_close_price_20260528,
KR,003030,8.38,8.38,-55.67,0.97,9.99,^KS11,ready,yfinance_kr_close_price_20260528,
KR,007690,12.52,12.52,-52.86,0.91,9.99,^KS11,ready,yfinance_kr_close_price_20260528,
KR,002240,4.18,4.18,-72.09,1.13,9.99,^KS11,ready,yfinance_kr_close_price_20260528,
KR,013570,-11.43,-11.43,-85.06,1.23,9.99,^KS11,ready,yfinance_kr_close_price_20260528,
KR,003060,10.97,10.97,-70.08,1.49,9.99,^KS11,ready,yfinance_kr_close_price_20260528,
KR,005800,2.04,2.04,-64.35,0.75,9.99,^KS11,ready,yfinance_kr_close_price_20260528,
KR,003280,-4.29,-4.29,-89.6,0.98,9.99,^KS11,ready,yfinance_kr_close_price_20260528,
KR,010690,3.35,3.35,-68.12,1.07,9.99,^KS11,ready,yfinance_kr_close_price_20260528,
KR,003070,-1.5,-1.5,-73.77,0.99,9.99,^KS11,ready,yfinance_kr_close_price_20260528,
KR,017810,14.77,14.77,-77.55,1.33,9.99,^KS11,ready,yfinance_kr_close_price_20260528,
KR,010955,4.43,4.43,-74.62,1.48,9.99,^KS11,ready,yfinance_kr_close_price_20260528,
KR,009420,-4.15,-4.15,-65.08,1.14,9.99,^KS11,ready,yfinance_kr_close_price_20260528,
KR,000230,-1.56,-1.56,-76.24,1.17,9.99,^KS11,ready,yfinance_kr_close_price_20260528,
KR,001060,8.22,8.22,-61.41,0.84,9.99,^KS11,ready,yfinance_kr_close_price_20260528,
KR,002420,-3.82,-3.82,-56.39,0.99,9.99,^KS11,ready,yfinance_kr_close_price_20260528,
KR,004710,14.25,14.25,-67.78,1.53,9.99,^KS11,ready,yfinance_kr_close_price_20260528,
KR,016610,17.84,17.84,-55.82,1.17,9.99,^KS11,ready,yfinance_kr_close_price_20260528,
KR,000145,16.35,16.35,-55.48,0.91,9.99,^KS11,ready,yfinance_kr_close_price_20260528,
KR,001290,5.51,5.51,-76.9,1.48,9.99,^KS11,ready,yfinance_kr_close_price_20260528,
KR,003650,10.0,10.0,-69.16,1.19,9.99,^KS11,ready,yfinance_kr_close_price_20260528,
KR,002790,8.2,8.2,-82.18,1.59,9.99,^KS11,ready,yfinance_kr_close_price_20260528,
KR,008730,-1.99,-1.99,-80.91,1.19,9.99,^KS11,ready,yfinance_kr_close_price_20260528,
KR,004150,-5.12,-5.12,-67.99,1.02,9.99,^KS11,ready,yfinance_kr_close_price_20260528,
KR,012160,-5.06,-5.06,-85.12,1.18,9.99,^KS11,ready,yfinance_kr_close_price_20260528,
KR,001740,0.11,0.11,-59.09,0.97,9.99,^KS11,ready,yfinance_kr_close_price_20260528,
KR,005110,5.16,5.16,-63.04,1.11,9.99,^KS11,ready,yfinance_kr_close_price_20260528,
KR,002630,-7.43,-7.43,-81.28,1.27,9.99,^KS11,ready,yfinance_kr_close_price_20260528,
KR,004870,10.73,10.73,-67.92,0.95,9.99,^KS11,ready,yfinance_kr_close_price_20260528,
KR,005320,7.95,7.95,-79.71,1.49,9.99,^KS11,ready,yfinance_kr_close_price_20260528,
KR,011000,-1.25,-1.25,-71.78,1.1,9.99,^KS11,ready,yfinance_kr_close_price_20260528,
KR,005030,2.97,2.97,-67.11,1.22,9.99,^KS11,ready,yfinance_kr_close_price_20260528,
KR,002020,-5.56,-5.56,-78.63,1.04,9.99,^KS11,ready,yfinance_kr_close_price_20260528,
KR,017180,12.12,12.12,-78.03,1.17,9.99,^KS11,ready,yfinance_kr_close_price_20260528,
KR,006090,-9.18,-9.18,-79.27,1.13,9.99,^KS11,ready,yfinance_kr_close_price_20260528,
KR,003230,10.8,10.8,-55.57,1.1,9.99,^KS11,ready,yfinance_kr_close_price_20260528,
KR,001570,4.13,4.13,-76.09,1.1,9.99,^KS11,ready,yfinance_kr_close_price_20260528,
KR,005430,3.74,3.74,-77.72,1.08,9.99,^KS11,ready,yfinance_kr_close_price_20260528,
KR,016590,0.67,0.67,-80.43,1.1,9.99,^KS11,ready,yfinance_kr_close_price_20260528,
KR,003520,7.75,7.75,-85.04,1.64,9.99,^KS11,ready,yfinance_kr_close_price_20260528,
KR,004830,6.52,6.52,-50.75,0.91,9.99,^KS11,ready,yfinance_kr_close_price_20260528,
KR,001880,-7.08,-7.08,-74.18,0.96,9.99,^KS11,ready,yfinance_kr_close_price_20260528,
KR,004540,-6.12,-6.12,-80.31,1.33,9.99,^KS11,ready,yfinance_kr_close_price_20260528,
KR,003010,-6.67,-6.67,-79.15,1.1,9.99,^KS11,ready,yfinance_kr_close_price_20260528,
KR,005390,3.92,3.92,-74.96,1.14,9.99,^KS11,ready,yfinance_kr_close_price_20260528,
KR,002200,-0.91,-0.91,-68.18,1.27,9.99,^KS11,ready,yfinance_kr_close_price_20260528,
KR,004960,-6.55,-6.55,-72.56,1.0,9.99,^KS11,ready,yfinance_kr_close_price_20260528,
KR,009160,9.32,9.32,-71.31,1.41,9.99,^KS11,ready,yfinance_kr_close_price_20260528,
KR,003830,5.83,5.83,-63.15,0.97,9.99,^KS11,ready,yfinance_kr_close_price_20260528,
KR,004770,1.63,1.63,-61.62,0.95,9.99,^KS11,ready,yfinance_kr_close_price_20260528,
KR,005180,10.72,10.72,-70.5,1.08,9.99,^KS11,ready,yfinance_kr_close_price_20260528,
KR,002900,-2.16,-2.16,-78.36,1.1,9.99,^KS11,ready,yfinance_kr_close_price_20260528,
KR,000590,-6.24,-6.24,-76.45,1.16,9.99,^KS11,ready,yfinance_kr_close_price_20260528,
KR,008500,4.93,4.93,-67.28,1.15,9.99,^KS11,ready,yfinance_kr_close_price_20260528,
KR,007590,0.85,0.85,-78.55,1.27,9.99,^KS11,ready,yfinance_kr_close_price_20260528,
KR,001020,11.02,11.02,-76.21,1.24,9.99,^KS11,ready,yfinance_kr_close_price_20260528,
KR,003720,5.42,5.42,-67.48,1.08,9.99,^KS11,ready,yfinance_kr_close_price_20260528,
KR,005680,-1.02,-1.02,-70.32,1.08,9.99,^KS11,ready,yfinance_kr_close_price_20260528,
KR,004140,3.07,3.07,-78.34,1.12,9.99,^KS11,ready,yfinance_kr_close_price_20260528,
KR,002870,-7.55,-7.55,-83.65,1.04,9.99,^KS11,ready,yfinance_kr_close_price_20260528,
KR,004980,1.36,1.36,-75.14,1.05,9.99,^KS11,ready,yfinance_kr_close_price_20260528,
KR,002760,-6.17,-6.17,-81.13,1.12,9.99,^KS11,ready,yfinance_kr_close_price_20260528,
KR,003160,9.67,9.67,-69.03,1.21,9.99,^KS11,ready,yfinance_kr_close_price_20260528,
KR,006060,-3.91,-3.91,-74.55,1.01,9.99,^KS11,ready,yfinance_kr_close_price_20260528,
KR,004890,13.53,13.53,-68.97,1.11,9.99,^KS11,ready,yfinance_kr_close_price_20260528,
KR,003580,-3.74,-3.74,-69.46,0.92,9.99,^KS11,ready,yfinance_kr_close_price_20260528,
KR,002720,-1.12,-1.12,-72.06,0.94,9.99,^KS11,ready,yfinance_kr_close_price_20260528,
KR,009140,5.83,5.83,-78.3,1.09,9.99,^KS11,ready,yfinance_kr_close_price_20260528,
KR,003960,4.91,4.91,-68.05,1.1,9.99,^KS11,ready,yfinance_kr_close_price_20260528,
KR,001520,10.82,10.82,-72.2,1.1,9.99,^KS11,ready,yfinance_kr_close_price_20260528,
KR,001210,-8.35,-8.35,-75.02,1.03,9.99,^KS11,ready,yfinance_kr_close_price_20260528,
KR,003540,-1.76,-1.76,-78.14,1.16,9.99,^KS11,ready,yfinance_kr_close_price_20260528,
KR,001250,4.58,4.58,-69.36,1.07,9.99,^KS11,ready,yfinance_kr_close_price_20260528,
KR,000910,1.64,1.64,-78.57,1.28,9.99,^KS11,ready,yfinance_kr_close_price_20260528,
KR,002170,0.97,0.97,-72.29,1.19,9.99,^KS11,ready,yfinance_kr_close_price_20260528,
KR,011760,12.36,12.36,-85.59,1.37,9.99,^KS11,ready,yfinance_kr_close_price_20260528,
KR,003240,0.14,0.14,-73.05,1.16,9.99,^KS11,ready,yfinance_kr_close_price_20260528,
KR,000180,-4.6,-4.6,-69.53,1.13,9.99,^KS11,ready,yfinance_kr_close_price_20260528,
KR,009450,1.09,1.09,-76.21,1.08,9.99,^KS11,ready,yfinance_kr_close_price_20260528,
KR,003000,-1.75,-1.75,-81.79,1.15,9.99,^KS11,ready,yfinance_kr_close_price_20260528,
KR,005190,8.16,8.16,-77.08,1.18,9.99,^KS11,ready,yfinance_kr_close_price_20260528,
KR,003090,4.62,4.62,-76.2,1.04,9.99,^KS11,ready,yfinance_kr_close_price_20260528,
KR,001390,1.35,1.35,-82.37,1.12,9.99,^KS11,ready,yfinance_kr_close_price_20260528,
KR,002990,11.3,11.3,-73.42,1.16,9.99,^KS11,ready,yfinance_kr_close_price_20260528,
KR,002320,1.79,1.79,-77.6,1.09,9.99,^KS11,ready,yfinance_kr_close_price_20260528,
KR,005870,2.75,2.75,-81.01,1.06,9.99,^KS11,ready,yfinance_kr_close_price_20260528,
KR,003070,1.94,1.94,-70.03,1.16,9.99,^KS11,ready,yfinance_kr_close_price_20260528,
KR,003610,4.89,4.89,-78.7,1.16,9.99,^KS11,ready,yfinance_kr_close_price_20260528,
KR,006220,-2.91,-2.91,-78.56,1.12,9.99,^KS11,ready,yfinance_kr_close_price_20260528,
KR,005250,-9.22,-9.22,-77.65,1.07,9.99,^KS11,ready,yfinance_kr_close_price_20260528,
KR,002880,8.98,8.98,-68.71,1.14,9.99,^KS11,ready,yfinance_kr_close_price_20260528,
KR,000140,-8.13,-8.13,-75.91,1.02,9.99,^KS11,ready,yfinance_kr_close_price_20260528,
KR,001070,-5.42,-5.42,-77.94,1.13,9.99,^KS11,ready,yfinance_kr_close_price_20260528,
KR,006570,7.45,7.45,-78.41,1.17,9.99,^KS11,ready,yfinance_kr_close_price_20260528,
KR,003550,7.45,7.45,-42.36,0.95,9.99,^KS11,ready,yfinance_kr_close_price_20260528,
KR,003480,-10.7,-10.7,-82.04,1.1,9.99,^KS11,ready,yfinance_kr_close_price_20260528,
KR,002790,7.97,7.97,-82.18,1.59,9.99,^KS11,ready,yfinance_kr_close_price_20260528,
KR,004250,-3.1,-3.1,-81.32,1.09,9.99,^KS11,ready,yfinance_kr_close_price_20260528,
KR,002360,-3.13,-3.13,-79.62,1.05,9.99,^KS11,ready,yfinance_kr_close_price_20260528,
KR,000700,4.55,4.55,-64.24,1.07,9.99,^KS11,ready,yfinance_kr_close_price_20260528,
KR,007575,1.91,1.91,-82.68,1.14,9.99,^KS11,ready,yfinance_kr_close_price_20260528,
KR,006890,4.15,4.15,-83.58,1.13,9.99,^KS11,ready,yfinance_kr_close_price_20260528,
KR,000760,0.62,0.62,-82.29,1.21,9.99,^KS11,ready,yfinance_kr_close_price_20260528,
KR,005300,-1.97,-1.97,-67.65,0.95,9.99,^KS11,ready,yfinance_kr_close_price_20260528,
KR,003200,7.23,7.23,-80.61,1.15,9.99,^KS11,ready,yfinance_kr_close_price_20260528,
KR,001720,6.69,6.69,-81.51,1.28,9.99,^KS11,ready,yfinance_kr_close_price_20260528,
KR,003960,5.58,5.58,-68.62,1.1,9.99,^KS11,ready,yfinance_kr_close_price_20260528,
KR,000850,-1.75,-1.75,-80.91,1.21,9.99,^KS11,ready,yfinance_kr_close_price_20260528,
KR,000500,-0.17,-0.17,-80.04,1.11,9.99,^KS11,ready,yfinance_kr_close_price_20260528,
KR,002070,4.45,4.45,-76.47,1.21,9.99,^KS11,ready,yfinance_kr_close_price_20260528,
KR,007570,1.94,1.94,-82.68,1.14,9.99,^KS11,ready,yfinance_kr_close_price_20260528,
KR,001470,-1.33,-1.33,-73.67,1.1,9.99,^KS11,ready,yfinance_kr_close_price_20260528,
KR,000040,-8.2,-8.2,-79.39,0.91,9.99,^KS11,ready,yfinance_kr_close_price_20260528,
KR,002410,4.2,4.2,-81.84,1.22,9.99,^KS11,ready,yfinance_kr_close_price_20260528,
KR,005950,1.49,1.49,-80.51,1.04,9.99,^KS11,ready,yfinance_kr_close_price_20260528,
KR,007210,1.51,1.51,-76.43,1.13,9.99,^KS11,ready,yfinance_kr_close_price_20260528,
KR,001230,4.83,4.83,-82.49,1.17,9.99,^KS11,ready,yfinance_kr_close_price_20260528,
KR,006740,2.12,2.12,-72.33,1.09,9.99,^KS11,ready,yfinance_kr_close_price_20260528,
KR,001360,-1.38,-1.38,-73.51,1.08,9.99,^KS11,ready,yfinance_kr_close_price_20260528,
KR,002720,-1.18,-1.18,-73.56,0.95,9.99,^KS11,ready,yfinance_kr_close_price_20260528,
KR,001420,-1.18,-1.18,-76.87,1.09,9.99,^KS11,ready,yfinance_kr_close_price_20260528,
KR,000300,-9.24,-9.24,-77.77,1.08,9.99,^KS11,ready,yfinance_kr_close_price_20260528,
KR,001630,-7.88,-7.88,-83.91,1.23,9.99,^KS11,ready,yfinance_kr_close_price_20260528,
KR,004080,-2.58,-2.58,-75.02,1.12,9.99,^KS11,ready,yfinance_kr_close_price_20260528,
KR,006660,-7.34,-7.34,-72.9,1.11,9.99,^KS11,ready,yfinance_kr_close_price_20260528,
KR,000860,2.78,2.78,-76.46,1.17,9.99,^KS11,ready,yfinance_kr_close_price_20260528,
KR,005010,-2.02,-2.02,-80.79,1.07,9.99,^KS11,ready,yfinance_kr_close_price_20260528,
KR,003570,2.97,2.97,-76.97,1.1,9.99,^KS11,ready,yfinance_kr_close_price_20260528,
KR,000990,-0.23,-0.23,-81.2,1.12,9.99,^KS11,ready,yfinance_kr_close_price_20260528,
KR,004170,5.77,5.77,-83.29,1.17,9.99,^KS11,ready,yfinance_kr_close_price_20260528,
KR,000520,-4.6,-4.6,-80.21,1.08,9.99,^KS11,ready,yfinance_kr_close_price_20260528,
KR,004430,-1.11,-1.11,-83.08,1.12,9.99,^KS11,ready,yfinance_kr_close_price_20260528,
KR,005740,-2.54,-2.54,-81.99,1.12,9.99,^KS11,ready,yfinance_kr_close_price_20260528,
KR,000240,2.37,2.37,-76.29,1.08,9.99,^KS11,ready,yfinance_kr_close_price_20260528,
KR,001340,-3.02,-3.02,-76.3,1.06,9.99,^KS11,ready,yfinance_kr_close_price_20260528,
KR,002100,-3.45,-3.45,-84.58,1.1,9.99,^KS11,ready,yfinance_kr_close_price_20260528,
KR,007160,-3.58,-3.58,-83.63,1.12,9.99,^KS11,ready,yfinance_kr_close_price_20260528,
KR,003120,0.79,0.79,-82.62,1.08,9.99,^KS11,ready,yfinance_kr_close_price_20260528,
KR,003020,9.12,9.12,-81.17,1.26,9.99,^KS11,ready,yfinance_kr_close_price_20260528,
KR,004060,2.29,2.29,-77.37,1.09,9.99,^KS11,ready,yfinance_kr_close_price_20260528,
KR,003850,1.06,1.06,-72.39,1.11,9.99,^KS11,ready,yfinance_kr_close_price_20260528,
KR,001440,2.65,2.65,-69.24,1.39,9.99,^KS11,ready,yfinance_kr_close_price_20260528,
KR,003610,4.48,4.48,-78.7,1.16,9.99,^KS11,ready,yfinance_kr_close_price_20260528,
KR,005980,8.45,8.45,-71.83,1.22,9.99,^KS11,ready,yfinance_kr_close_price_20260528,
KR,006980,0.13,0.13,-82.97,1.12,9.99,^KS11,ready,yfinance_kr_close_price_20260528,
KR,002780,-3.12,-3.12,-77.88,1.12,9.99,^KS11,ready,yfinance_kr_close_price_20260528,
KR,003610,4.62,4.62,-78.7,1.16,9.99,^KS11,ready,yfinance_kr_close_price_20260528,
KR,002300,-5.86,-5.86,-80.44,1.08,9.99,^KS11,ready,yfinance_kr_close_price_20260528,
KR,003010,-7.08,-7.08,-79.15,1.1,9.99,^KS11,ready,yfinance_kr_close_price_20260528,
KR,003530,1.56,1.56,-77.5,1.18,9.99,^KS11,ready,yfinance_kr_close_price_20260528,
KR,004700,8.44,8.44,-82.54,1.3,9.99,^KS11,ready,yfinance_kr_close_price_20260528,
KR,002920,-4.51,-4.51,-79.37,1.1,9.99,^KS11,ready,yfinance_kr_close_price_20260528,
KR,004100,-4.06,-4.06,-79.64,1.09,9.99,^KS11,ready,yfinance_kr_close_price_20260528,
KR,001620,-7.36,-7.36,-79.66,1.09,9.99,^KS11,ready,yfinance_kr_close_price_20260528,
KR,000670,0.08,0.08,-81.98,1.21,9.99,^KS11,ready,yfinance_kr_close_price_20260528,
KR,000540,2.32,2.32,-80.48,1.11,9.99,^KS11,ready,yfinance_kr_close_price_20260528,
KR,000950,-4.95,-4.95,-80.61,1.1,9.99,^KS11,ready,yfinance_kr_close_price_20260528,
KR,000070,3.41,3.41,-76.67,1.09,9.99,^KS11,ready,yfinance_kr_close_price_20260528,
KR,004360,-4.86,-4.86,-83.43,1.15,9.99,^KS11,ready,yfinance_kr_close_price_20260528,
KR,001500,4.15,4.15,-75.41,1.09,9.99,^KS11,ready,yfinance_kr_close_price_20260528,
KR,001740,-0.02,-0.02,-59.09,0.97,9.99,^KS11,ready,yfinance_kr_close_price_20260528,
KR,003460,-2.13,-2.13,-80.09,1.07,9.99,^KS11,ready,yfinance_kr_close_price_20260528,
KR,004310,4.32,4.32,-78.54,1.09,9.99,^KS11,ready,yfinance_kr_close_price_20260528,
KR,000970,-1.07,-1.07,-83.8,1.09,9.99,^KS11,ready,yfinance_kr_close_price_20260528,
KR,001200,-0.68,-0.68,-77.72,1.05,9.99,^KS11,ready,yfinance_kr_close_price_20260528,
KR,000890,0.04,0.04,-80.68,1.11,9.99,^KS11,ready,yfinance_kr_close_price_20260528,
KR,004060,1.97,1.97,-77.37,1.09,9.99,^KS11,ready,yfinance_kr_close_price_20260528,
KR,000390,5.22,5.22,-85.16,1.14,9.99,^KS11,ready,yfinance_kr_close_price_20260528,
KR,000850,-0.6,-0.6,-80.91,1.21,9.99,^KS11,ready,yfinance_kr_close_price_20260528,
KR,002880,0.05,0.05,-68.71,1.14,9.99,^KS11,ready,yfinance_kr_close_price_20260528,
KR,000120,4.48,4.48,-62.17,0.91,9.99,^KS11,ready,yfinance_kr_close_price_20260528,
KR,000430,-4.62,-4.62,-81.24,1.11,9.99,^KS11,ready,yfinance_kr_close_price_20260528,
KR,001420,-1.2,-1.2,-76.87,1.09,9.99,^KS11,ready,yfinance_kr_close_price_20260528,
KR,003280,-4.0,-4.0,-89.6,0.98,9.99,^KS11,ready,yfinance_kr_close_price_20260528,
KR,000400,5.38,5.38,-79.71,1.21,9.99,^KS11,ready,yfinance_kr_close_price_20260528,
KR,000680,-3.9,-3.9,-81.91,1.11,9.99,^KS11,ready,yfinance_kr_close_price_20260528,
KR,000590,-0.92,-0.92,-76.45,1.16,9.99,^KS11,ready,yfinance_kr_close_price_20260528,
KR,001010,-5.0,-5.0,-81.01,1.09,9.99,^KS11,ready,yfinance_kr_close_price_20260528,
KR,000560,2.24,2.24,-80.46,1.13,9.99,^KS11,ready,yfinance_kr_close_price_20260528,
KR,002020,-3.78,-3.78,-78.63,1.04,9.99,^KS11,ready,yfinance_kr_close_price_20260528,
KR,005690,4.88,4.88,-76.74,1.08,9.99,^KS11,ready,yfinance_kr_close_price_20260528,
KR,000140,-4.52,-4.52,-75.91,1.02,9.99,^KS11,ready,yfinance_kr_close_price_20260528,
KR,000050,4.1,4.1,-74.31,1.08,9.99,^KS11,ready,yfinance_kr_close_price_20260528,
KR,000500,-2.52,-2.52,-80.04,1.11,9.99,^KS11,ready,yfinance_kr_close_price_20260528,
KR,000020,1.06,1.06,-80.87,1.07,9.99,^KS11,ready,yfinance_kr_close_price_20260528,
KR,001130,-0.04,-0.04,-82.24,1.15,9.99,^KS11,ready,yfinance_kr_close_price_20260528,
KR,000210,-2.02,-2.02,-79.04,1.12,9.99,^KS11,ready,yfinance_kr_close_price_20260528,
KR,000760,0.61,0.61,-82.29,1.21,9.99,^KS11,ready,yfinance_kr_close_price_20260528,
KR,000860,2.6,2.6,-76.46,1.17,9.99,^KS11,ready,yfinance_kr_close_price_20260528,
KR,001250,4.0,4.0,-69.36,1.07,9.99,^KS11,ready,yfinance_kr_close_price_20260528,
KR,000240,2.55,2.55,-76.29,1.08,9.99,^KS11,ready,yfinance_kr_close_price_20260528,
KR,000300,-1.33,-1.33,-77.77,1.08,9.99,^KS11,ready,yfinance_kr_close_price_20260528,
KR,000180,-1.68,-1.68,-69.53,1.13,9.99,^KS11,ready,yfinance_kr_close_price_20260528,
KR,000230,-1.56,-1.56,-76.24,1.17,9.99,^KS11,ready,yfinance_kr_close_price_20260528,
KR,000100,2.99,2.99,-69.12,0.63,9.99,^KS11,ready,yfinance_kr_close_price_20260528,
KR,000060,-4.87,-4.87,-78.39,1.13,9.99,^KS11,ready,yfinance_kr_close_price_20260528,
KR,000070,-1.1,-1.1,-76.67,1.09,9.99,^KS11,ready,yfinance_kr_close_price_20260528,
KR,000080,0.73,0.73,-55.19,0.97,9.99,^KS11,ready,yfinance_kr_close_price_20260528,
KR,000050,2.78,2.78,-74.31,1.08,9.99,^KS11,ready,yfinance_kr_close_price_20260528,
KR,000040,-8.2,-8.2,-79.39,0.91,9.99,^KS11,ready,yfinance_kr_close_price_20260528,
KR,000020,-1.11,-1.11,-80.87,1.07,9.99,^KS11,ready,yfinance_kr_close_price_20260528,
KR,298340,3.91,3.91,-74.51,1.52,6.16,^KS11,ready,yfinance_kr_close_price_20260528,
KR,001230,9.31,9.31,-82.49,1.17,9.99,^KS11,ready,yfinance_kr_close_price_20260528,
KR,001070,-5.53,-5.53,-77.94,1.13,9.99,^KS11,ready,yfinance_kr_close_price_20260528,
KR,000650,1.65,1.65,-74.28,1.06,9.99,^KS11,ready,yfinance_kr_close_price_20260528,
KR,003470,-2.26,-2.26,-80.54,1.13,9.99,^KS11,ready,yfinance_kr_close_price_20260528,
KR,001260,-0.26,-0.26,-82.75,1.18,9.99,^KS11,ready,yfinance_kr_close_price_20260528,
KR,003680,2.34,2.34,-80.67,1.09,9.99,^KS11,ready,yfinance_kr_close_price_20260528,
KR,000670,1.5,1.5,-81.98,1.21,9.99,^KS11,ready,yfinance_kr_close_price_20260528,
KR,001140,1.49,1.49,-80.98,1.09,9.99,^KS11,ready,yfinance_kr_close_price_20260528,
KR,000910,1.34,1.34,-78.57,1.28,9.99,^KS11,ready,yfinance_kr_close_price_20260528,
KR,001340,-2.93,-2.93,-76.3,1.06,9.99,^KS11,ready,yfinance_kr_close_price_20260528,
KR,001200,-0.74,-0.74,-77.72,1.05,9.99,^KS11,ready,yfinance_kr_close_price_20260528,
KR,001130,-0.36,-0.36,-82.24,1.15,9.99,^KS11,ready,yfinance_kr_close_price_20260528,
KR,000540,1.52,1.52,-80.48,1.11,9.99,^KS11,ready,yfinance_kr_close_price_20260528,
KR,000880,-6.11,-6.11,-70.15,1.07,9.99,^KS11,ready,yfinance_kr_close_price_20260528,
KR,001570,4.13,4.13,-76.09,1.1,9.99,^KS11,ready,yfinance_kr_close_price_20260528,
KR,001140,1.78,1.78,-80.98,1.09,9.99,^KS11,ready,yfinance_kr_close_price_20260528,
KR,001440,-9.55,-9.55,-69.24,1.39,9.99,^KS11,ready,yfinance_kr_close_price_20260528,
KR,001360,-1.3,-1.3,-73.51,1.08,9.99,^KS11,ready,yfinance_kr_close_price_20260528,
KR,001040,-2.89,-2.89,-59.46,0.93,9.99,^KS11,ready,yfinance_kr_close_price_20260528,
KR,001390,-3.53,-3.53,-82.37,1.12,9.99,^KS11,ready,yfinance_kr_close_price_20260528,
KR,001070,-5.39,-5.39,-77.94,1.13,9.99,^KS11,ready,yfinance_kr_close_price_20260528,
KR,001140,-1.18,-1.18,-80.98,1.09,9.99,^KS11,ready,yfinance_kr_close_price_20260528,
KR,001020,11.06,11.06,-76.21,1.24,9.99,^KS11,ready,yfinance_kr_close_price_20260528,
KR,000970,-1.07,-1.07,-83.8,1.09,9.99,^KS11,ready,yfinance_kr_close_price_20260528,
KR,001070,-5.39,-5.39,-77.94,1.13,9.99,^KS11,ready,yfinance_kr_close_price_20260528,
KR,001060,7.61,7.61,-61.41,0.84,9.99,^KS11,ready,yfinance_kr_close_price_20260528,
KR,000990,-0.31,-0.31,-81.2,1.12,9.99,^KS11,ready,yfinance_kr_close_price_20260528,
KR,001020,10.77,10.77,-76.21,1.24,9.99,^KS11,ready,yfinance_kr_close_price_20260528,
KR,000950,-4.91,-4.91,-80.61,1.1,9.99,^KS11,ready,yfinance_kr_close_price_20260528,
KR,000890,-0.05,-0.05,-80.68,1.11,9.99,^KS11,ready,yfinance_kr_close_price_20260528,
KR,000970,-1.14,-1.14,-83.8,1.09,9.99,^KS11,ready,yfinance_kr_close_price_20260528,
KR,000850,-1.71,-1.71,-80.91,1.21,9.99,^KS11,ready,yfinance_kr_close_price_20260528,
KR,000860,2.71,2.71,-76.46,1.17,9.99,^KS11,ready,yfinance_kr_close_price_20260528,
KR,000760,0.62,0.62,-82.29,1.21,9.99,^KS11,ready,yfinance_kr_close_price_20260528,
KR,000700,-1.91,-1.91,-64.24,1.07,9.99,^KS11,ready,yfinance_kr_close_price_20260528,
KR,000670,1.39,1.39,-81.98,1.21,9.99,^KS11,ready,yfinance_kr_close_price_20260528,
KR,000590,-0.65,-0.65,-76.45,1.16,9.99,^KS11,ready,yfinance_kr_close_price_20260528,
KR,000520,-4.63,-4.63,-80.21,1.08,9.99,^KS11,ready,yfinance_kr_close_price_20260528,
KR,000540,2.1,2.1,-80.48,1.11,9.99,^KS11,ready,yfinance_kr_close_price_20260528,
KR,000500,-0.03,-0.03,-80.04,1.11,9.99,^KS11,ready,yfinance_kr_close_price_20260528,
KR,000400,5.38,5.38,-79.71,1.21,9.99,^KS11,ready,yfinance_kr_close_price_20260528,
KR,000370,1.78,1.78,-55.16,0.83,9.99,^KS11,ready,yfinance_kr_close_price_20260528,
KR,000390,5.38,5.38,-85.16,1.14,9.99,^KS11,ready,yfinance_kr_close_price_20260528,
KR,000320,0.28,0.28,-71.31,1.28,9.99,^KS11,ready,yfinance_kr_close_price_20260528,
KR,000300,-9.22,-9.22,-77.77,1.08,9.99,^KS11,ready,yfinance_kr_close_price_20260528,
KR,000240,2.42,2.42,-76.29,1.08,9.99,^KS11,ready,yfinance_kr_close_price_20260528,
KR,000230,-1.56,-1.56,-76.24,1.17,9.99,^KS11,ready,yfinance_kr_close_price_20260528,
KR,000220,13.88,13.88,-46.22,0.76,9.99,^KS11,ready,yfinance_kr_close_price_20260528,
KR,000210,-2.04,-2.04,-79.04,1.12,9.99,^KS11,ready,yfinance_kr_close_price_20260528,
KR,000180,-1.66,-1.66,-69.53,1.13,9.99,^KS11,ready,yfinance_kr_close_price_20260528,
KR,000170,-2.52,-2.52,-76.36,1.12,9.99,^KS11,ready,yfinance_kr_close_price_20260528,
KR,000150,2.44,2.44,-67.72,1.11,9.99,^KS11,ready,yfinance_kr_close_price_20260528,
KR,000140,-5.05,-5.05,-75.91,1.02,9.99,^KS11,ready,yfinance_kr_close_price_20260528,
KR,000120,-1.04,-1.04,-62.17,0.91,9.99,^KS11,ready,yfinance_kr_close_price_20260528,
KR,000100,1.79,1.79,-69.12,0.63,9.99,^KS11,ready,yfinance_kr_close_price_20260528,
KR,000080,-0.64,-0.64,-55.19,0.97,9.99,^KS11,ready,yfinance_kr_close_price_20260528,
KR,000070,1.16,1.16,-76.67,1.09,9.99,^KS11,ready,yfinance_kr_close_price_20260528,
KR,000060,-4.96,-4.96,-78.39,1.13,9.99,^KS11,ready,yfinance_kr_close_price_20260528,
KR,000050,4.1,4.1,-74.31,1.08,9.99,^KS11,ready,yfinance_kr_close_price_20260528,
KR,000040,-8.2,-8.2,-79.39,0.91,9.99,^KS11,ready,yfinance_kr_close_price_20260528,
KR,000020,-1.11,-1.11,-80.87,1.07,9.99,^KS11,ready,yfinance_kr_close_price_20260528,
KR,015540,15.13,15.13,-61.81,1.2,9.99,^KS11,ready,yfinance_kr_close_price_20260528,
KR,010420,-3.52,-3.52,-71.26,0.89,9.99,^KS11,ready,yfinance_kr_close_price_20260528,
KR,004700,6.95,6.95,-82.54,1.3,9.99,^KS11,ready,yfinance_kr_close_price_20260528,
KR,001620,-7.36,-7.36,-79.66,1.09,9.99,^KS11,ready,yfinance_kr_close_price_20260528,
KR,000050,3.64,3.64,-74.31,1.08,9.99,^KS11,ready,yfinance_kr_close_price_20260528,
KR,000040,-8.19,-8.19,-79.39,0.91,9.99,^KS11,ready,yfinance_kr_close_price_20260528,
KR,000020,-1.11,-1.11,-80.87,1.07,9.99,^KS11,ready,yfinance_kr_close_price_20260528,
KR,020400,-0.7,-0.7,-65.24,0.55,9.99,^KS11,ready,yfinance_kr_close_price_20260528,
KR,035290,-38.14,-38.14,-99.68,0.31,9.99,^KS11,ready,yfinance_kr_close_price_20260528,
KR,004105,-1.65,-1.65,-78.96,0.54,9.99,^KS11,ready,yfinance_kr_close_price_20260528,
KR,002995,-1.63,-1.63,-90.46,0.63,9.99,^KS11,ready,yfinance_kr_close_price_20260528,
KR,014285,1.55,1.55,-84.3,0.55,9.99,^KS11,ready,yfinance_kr_close_price_20260528,
