ticker,market,month,currency,close,cashDividend,dividendStatus,splitFactor,sourceId,priceAdjustmentBasis,publicationEligibility
SPY,US,2016-06-30,USD,200.00,0.00,confirmed_zero,1.0,fixture_manual,split_adjusted_close,approved
SPY,US,2016-07-31,USD,201.30,0.00,confirmed_zero,1.0,fixture_manual,split_adjusted_close,approved
SPY,US,2016-08-31,USD,202.61,0.00,confirmed_zero,1.0,fixture_manual,split_adjusted_close,approved
SPY,US,2016-09-30,USD,203.93,0.41,confirmed_value,1.0,fixture_manual,split_adjusted_close,approved
SPY,US,2016-10-31,USD,205.25,0.00,confirmed_zero,1.0,fixture_manual,split_adjusted_close,approved
SPY,US,2016-11-30,USD,206.59,0.00,confirmed_zero,1.0,fixture_manual,split_adjusted_close,approved
SPY,US,2016-12-31,USD,207.93,0.42,confirmed_value,1.0,fixture_manual,split_adjusted_close,approved
SPY,US,2017-01-31,USD,209.28,0.00,confirmed_zero,1.0,fixture_manual,split_adjusted_close,approved
SPY,US,2017-02-28,USD,210.64,0.00,confirmed_zero,1.0,fixture_manual,split_adjusted_close,approved
SPY,US,2017-03-31,USD,212.01,0.42,confirmed_value,1.0,fixture_manual,split_adjusted_close,approved
SPY,US,2017-04-30,USD,213.39,0.00,confirmed_zero,1.0,fixture_manual,split_adjusted_close,approved
SPY,US,2017-05-31,USD,214.77,0.00,confirmed_zero,1.0,fixture_manual,split_adjusted_close,approved
SPY,US,2017-06-30,USD,216.17,0.43,confirmed_value,1.0,fixture_manual,split_adjusted_close,approved
SPY,US,2017-07-31,USD,217.58,0.00,confirmed_zero,1.0,fixture_manual,split_adjusted_close,approved
SPY,US,2017-08-31,USD,218.99,0.00,confirmed_zero,1.0,fixture_manual,split_adjusted_close,approved
SPY,US,2017-09-30,USD,220.41,0.44,confirmed_value,1.0,fixture_manual,split_adjusted_close,approved
SPY,US,2017-10-31,USD,221.85,0.00,confirmed_zero,1.0,fixture_manual,split_adjusted_close,approved
SPY,US,2017-11-30,USD,223.29,0.00,confirmed_zero,1.0,fixture_manual,split_adjusted_close,approved
SPY,US,2017-12-31,USD,224.74,0.45,confirmed_value,1.0,fixture_manual,split_adjusted_close,approved
SPY,US,2018-01-31,USD,226.20,0.00,confirmed_zero,1.0,fixture_manual,split_adjusted_close,approved
SPY,US,2018-02-28,USD,227.67,0.00,confirmed_zero,1.0,fixture_manual,split_adjusted_close,approved
SPY,US,2018-03-31,USD,229.15,0.46,confirmed_value,1.0,fixture_manual,split_adjusted_close,approved
SPY,US,2018-04-30,USD,230.64,0.00,confirmed_zero,1.0,fixture_manual,split_adjusted_close,approved
SPY,US,2018-05-31,USD,232.14,0.00,confirmed_zero,1.0,fixture_manual,split_adjusted_close,approved
SPY,US,2018-06-30,USD,233.65,0.47,confirmed_value,1.0,fixture_manual,split_adjusted_close,approved
SPY,US,2018-07-31,USD,235.17,0.00,confirmed_zero,1.0,fixture_manual,split_adjusted_close,approved
SPY,US,2018-08-31,USD,236.69,0.00,confirmed_zero,1.0,fixture_manual,split_adjusted_close,approved
SPY,US,2018-09-30,USD,238.23,0.48,confirmed_value,1.0,fixture_manual,split_adjusted_close,approved
SPY,US,2018-10-31,USD,239.78,0.00,confirmed_zero,1.0,fixture_manual,split_adjusted_close,approved
SPY,US,2018-11-30,USD,241.34,0.00,confirmed_zero,1.0,fixture_manual,split_adjusted_close,approved
SPY,US,2018-12-31,USD,242.91,0.49,confirmed_value,1.0,fixture_manual,split_adjusted_close,approved
SPY,US,2019-01-31,USD,244.49,0.00,confirmed_zero,1.0,fixture_manual,split_adjusted_close,approved
SPY,US,2019-02-28,USD,246.08,0.00,confirmed_zero,1.0,fixture_manual,split_adjusted_close,approved
SPY,US,2019-03-31,USD,247.68,0.50,confirmed_value,1.0,fixture_manual,split_adjusted_close,approved
SPY,US,2019-04-30,USD,249.29,0.00,confirmed_zero,1.0,fixture_manual,split_adjusted_close,approved
SPY,US,2019-05-31,USD,250.91,0.00,confirmed_zero,1.0,fixture_manual,split_adjusted_close,approved
SPY,US,2019-06-30,USD,252.54,0.51,confirmed_value,1.0,fixture_manual,split_adjusted_close,approved
SPY,US,2019-07-31,USD,254.18,0.00,confirmed_zero,1.0,fixture_manual,split_adjusted_close,approved
SPY,US,2019-08-31,USD,255.83,0.00,confirmed_zero,1.0,fixture_manual,split_adjusted_close,approved
SPY,US,2019-09-30,USD,257.49,0.51,confirmed_value,1.0,fixture_manual,split_adjusted_close,approved
SPY,US,2019-10-31,USD,259.17,0.00,confirmed_zero,1.0,fixture_manual,split_adjusted_close,approved
SPY,US,2019-11-30,USD,260.85,0.00,confirmed_zero,1.0,fixture_manual,split_adjusted_close,approved
SPY,US,2019-12-31,USD,241.68,0.48,confirmed_value,1.0,fixture_manual,split_adjusted_close,approved
SPY,US,2020-01-31,USD,216.67,0.00,confirmed_zero,1.0,fixture_manual,split_adjusted_close,approved
SPY,US,2020-02-29,USD,187.74,0.00,confirmed_zero,1.0,fixture_manual,split_adjusted_close,approved
SPY,US,2020-03-31,USD,200.23,0.40,confirmed_value,1.0,fixture_manual,split_adjusted_close,approved
SPY,US,2020-04-30,USD,211.54,0.00,confirmed_zero,1.0,fixture_manual,split_adjusted_close,approved
SPY,US,2020-05-31,USD,221.38,0.00,confirmed_zero,1.0,fixture_manual,split_adjusted_close,approved
SPY,US,2020-06-30,USD,229.46,0.46,confirmed_value,1.0,fixture_manual,split_adjusted_close,approved
SPY,US,2020-07-31,USD,236.68,0.00,confirmed_zero,1.0,fixture_manual,split_adjusted_close,approved
SPY,US,2020-08-31,USD,242.96,0.00,confirmed_zero,1.0,fixture_manual,split_adjusted_close,approved
SPY,US,2020-09-30,USD,248.91,0.50,confirmed_value,1.0,fixture_manual,split_adjusted_close,approved
SPY,US,2020-10-31,USD,250.53,0.00,confirmed_zero,1.0,fixture_manual,split_adjusted_close,approved
SPY,US,2020-11-30,USD,252.15,0.00,confirmed_zero,1.0,fixture_manual,split_adjusted_close,approved
SPY,US,2020-12-31,USD,253.79,0.51,confirmed_value,1.0,fixture_manual,split_adjusted_close,approved
SPY,US,2021-01-31,USD,255.44,0.00,confirmed_zero,1.0,fixture_manual,split_adjusted_close,approved
SPY,US,2021-02-28,USD,257.10,0.00,confirmed_zero,1.0,fixture_manual,split_adjusted_close,approved
SPY,US,2021-03-31,USD,258.77,0.52,confirmed_value,1.0,fixture_manual,split_adjusted_close,approved
SPY,US,2021-04-30,USD,260.46,0.00,confirmed_zero,1.0,fixture_manual,split_adjusted_close,approved
SPY,US,2021-05-31,USD,262.15,0.00,confirmed_zero,1.0,fixture_manual,split_adjusted_close,approved
SPY,US,2021-06-30,USD,263.85,0.53,confirmed_value,1.0,fixture_manual,split_adjusted_close,approved
SPY,US,2021-07-31,USD,265.57,0.00,confirmed_zero,1.0,fixture_manual,split_adjusted_close,approved
SPY,US,2021-08-31,USD,267.29,0.00,confirmed_zero,1.0,fixture_manual,split_adjusted_close,approved
SPY,US,2021-09-30,USD,269.03,0.54,confirmed_value,1.0,fixture_manual,split_adjusted_close,approved
SPY,US,2021-10-31,USD,270.78,0.00,confirmed_zero,1.0,fixture_manual,split_adjusted_close,approved
SPY,US,2021-11-30,USD,272.54,0.00,confirmed_zero,1.0,fixture_manual,split_adjusted_close,approved
SPY,US,2021-12-31,USD,274.31,0.55,confirmed_value,1.0,fixture_manual,split_adjusted_close,approved
SPY,US,2022-01-31,USD,276.10,0.00,confirmed_zero,1.0,fixture_manual,split_adjusted_close,approved
SPY,US,2022-02-28,USD,277.89,0.00,confirmed_zero,1.0,fixture_manual,split_adjusted_close,approved
SPY,US,2022-03-31,USD,279.70,0.56,confirmed_value,1.0,fixture_manual,split_adjusted_close,approved
SPY,US,2022-04-30,USD,281.51,0.00,confirmed_zero,1.0,fixture_manual,split_adjusted_close,approved
SPY,US,2022-05-31,USD,283.34,0.00,confirmed_zero,1.0,fixture_manual,split_adjusted_close,approved
SPY,US,2022-06-30,USD,285.19,0.57,confirmed_value,1.0,fixture_manual,split_adjusted_close,approved
SPY,US,2022-07-31,USD,287.04,0.00,confirmed_zero,1.0,fixture_manual,split_adjusted_close,approved
SPY,US,2022-08-31,USD,288.91,0.00,confirmed_zero,1.0,fixture_manual,split_adjusted_close,approved
SPY,US,2022-09-30,USD,290.78,0.58,confirmed_value,1.0,fixture_manual,split_adjusted_close,approved
SPY,US,2022-10-31,USD,292.67,0.00,confirmed_zero,1.0,fixture_manual,split_adjusted_close,approved
SPY,US,2022-11-30,USD,294.58,0.00,confirmed_zero,1.0,fixture_manual,split_adjusted_close,approved
SPY,US,2022-12-31,USD,296.49,0.59,confirmed_value,1.0,fixture_manual,split_adjusted_close,approved
SPY,US,2023-01-31,USD,298.42,0.00,confirmed_zero,1.0,fixture_manual,split_adjusted_close,approved
SPY,US,2023-02-28,USD,300.36,0.00,confirmed_zero,1.0,fixture_manual,split_adjusted_close,approved
SPY,US,2023-03-31,USD,302.31,0.60,confirmed_value,1.0,fixture_manual,split_adjusted_close,approved
SPY,US,2023-04-30,USD,304.27,0.00,confirmed_zero,1.0,fixture_manual,split_adjusted_close,approved
SPY,US,2023-05-31,USD,306.25,0.00,confirmed_zero,1.0,fixture_manual,split_adjusted_close,approved
SPY,US,2023-06-30,USD,308.24,0.62,confirmed_value,1.0,fixture_manual,split_adjusted_close,approved
SPY,US,2023-07-31,USD,310.25,0.00,confirmed_zero,1.0,fixture_manual,split_adjusted_close,approved
SPY,US,2023-08-31,USD,312.26,0.00,confirmed_zero,1.0,fixture_manual,split_adjusted_close,approved
SPY,US,2023-09-30,USD,314.29,0.63,confirmed_value,1.0,fixture_manual,split_adjusted_close,approved
SPY,US,2023-10-31,USD,316.34,0.00,confirmed_zero,1.0,fixture_manual,split_adjusted_close,approved
SPY,US,2023-11-30,USD,318.39,0.00,confirmed_zero,1.0,fixture_manual,split_adjusted_close,approved
SPY,US,2023-12-31,USD,320.46,0.64,confirmed_value,1.0,fixture_manual,split_adjusted_close,approved
SPY,US,2024-01-31,USD,322.54,0.00,confirmed_zero,1.0,fixture_manual,split_adjusted_close,approved
SPY,US,2024-02-29,USD,324.64,0.00,confirmed_zero,1.0,fixture_manual,split_adjusted_close,approved
SPY,US,2024-03-31,USD,326.75,0.65,confirmed_value,1.0,fixture_manual,split_adjusted_close,approved
SPY,US,2024-04-30,USD,328.87,0.00,confirmed_zero,1.0,fixture_manual,split_adjusted_close,approved
SPY,US,2024-05-31,USD,331.01,0.00,confirmed_zero,1.0,fixture_manual,split_adjusted_close,approved
SPY,US,2024-06-30,USD,333.16,0.67,confirmed_value,1.0,fixture_manual,split_adjusted_close,approved
SPY,US,2024-07-31,USD,335.33,0.00,confirmed_zero,1.0,fixture_manual,split_adjusted_close,approved
SPY,US,2024-08-31,USD,337.51,0.00,confirmed_zero,1.0,fixture_manual,split_adjusted_close,approved
SPY,US,2024-09-30,USD,339.70,0.68,confirmed_value,1.0,fixture_manual,split_adjusted_close,approved
SPY,US,2024-10-31,USD,341.91,0.00,confirmed_zero,1.0,fixture_manual,split_adjusted_close,approved
SPY,US,2024-11-30,USD,344.13,0.00,confirmed_zero,1.0,fixture_manual,split_adjusted_close,approved
SPY,US,2024-12-31,USD,346.37,0.69,confirmed_value,1.0,fixture_manual,split_adjusted_close,approved
SPY,US,2025-01-31,USD,348.62,0.00,confirmed_zero,1.0,fixture_manual,split_adjusted_close,approved
SPY,US,2025-02-28,USD,350.89,0.00,confirmed_zero,1.0,fixture_manual,split_adjusted_close,approved
SPY,US,2025-03-31,USD,353.17,0.71,confirmed_value,1.0,fixture_manual,split_adjusted_close,approved
SPY,US,2025-04-30,USD,355.46,0.00,confirmed_zero,1.0,fixture_manual,split_adjusted_close,approved
SPY,US,2025-05-31,USD,357.77,0.00,confirmed_zero,1.0,fixture_manual,split_adjusted_close,approved
SPY,US,2025-06-30,USD,360.10,0.72,confirmed_value,1.0,fixture_manual,split_adjusted_close,approved
SPY,US,2025-07-31,USD,362.44,0.00,confirmed_zero,1.0,fixture_manual,split_adjusted_close,approved
SPY,US,2025-08-31,USD,364.80,0.00,confirmed_zero,1.0,fixture_manual,split_adjusted_close,approved
SPY,US,2025-09-30,USD,367.17,0.73,confirmed_value,1.0,fixture_manual,split_adjusted_close,approved
SPY,US,2025-10-31,USD,369.55,0.00,confirmed_zero,1.0,fixture_manual,split_adjusted_close,approved
SPY,US,2025-11-30,USD,371.96,0.00,confirmed_zero,1.0,fixture_manual,split_adjusted_close,approved
SPY,US,2025-12-31,USD,374.37,0.75,confirmed_value,1.0,fixture_manual,split_adjusted_close,approved
SPY,US,2026-01-31,USD,376.81,0.00,confirmed_zero,1.0,fixture_manual,split_adjusted_close,approved
SPY,US,2026-02-28,USD,379.26,0.00,confirmed_zero,1.0,fixture_manual,split_adjusted_close,approved
SPY,US,2026-03-31,USD,381.72,0.76,confirmed_value,1.0,fixture_manual,split_adjusted_close,approved
SPY,US,2026-04-30,USD,384.20,0.00,confirmed_zero,1.0,fixture_manual,split_adjusted_close,approved
SPY,US,2026-05-31,USD,386.70,0.00,confirmed_zero,1.0,fixture_manual,split_adjusted_close,approved
SPY,US,2026-06-30,USD,389.21,0.78,confirmed_value,1.0,fixture_manual,split_adjusted_close,approved
QQQ,US,2016-06-30,USD,105.00,0.00,confirmed_zero,1.0,fixture_manual,split_adjusted_close,approved
QQQ,US,2016-07-31,USD,105.89,0.00,confirmed_zero,1.0,fixture_manual,split_adjusted_close,approved
QQQ,US,2016-08-31,USD,106.79,0.00,confirmed_zero,1.0,fixture_manual,split_adjusted_close,approved
QQQ,US,2016-09-30,USD,107.70,0.00,confirmed_zero,1.0,fixture_manual,split_adjusted_close,approved
QQQ,US,2016-10-31,USD,108.62,0.00,confirmed_zero,1.0,fixture_manual,split_adjusted_close,approved
QQQ,US,2016-11-30,USD,109.54,0.00,confirmed_zero,1.0,fixture_manual,split_adjusted_close,approved
QQQ,US,2016-12-31,USD,110.47,0.00,confirmed_zero,1.0,fixture_manual,split_adjusted_close,approved
QQQ,US,2017-01-31,USD,111.41,0.00,confirmed_zero,1.0,fixture_manual,split_adjusted_close,approved
QQQ,US,2017-02-28,USD,112.36,0.00,confirmed_zero,1.0,fixture_manual,split_adjusted_close,approved
QQQ,US,2017-03-31,USD,113.31,0.00,confirmed_zero,1.0,fixture_manual,split_adjusted_close,approved
QQQ,US,2017-04-30,USD,114.27,0.00,confirmed_zero,1.0,fixture_manual,split_adjusted_close,approved
QQQ,US,2017-05-31,USD,115.25,0.00,confirmed_zero,1.0,fixture_manual,split_adjusted_close,approved
QQQ,US,2017-06-30,USD,116.23,0.00,confirmed_zero,1.0,fixture_manual,split_adjusted_close,approved
QQQ,US,2017-07-31,USD,117.21,0.00,confirmed_zero,1.0,fixture_manual,split_adjusted_close,approved
QQQ,US,2017-08-31,USD,118.21,0.00,confirmed_zero,1.0,fixture_manual,split_adjusted_close,approved
QQQ,US,2017-09-30,USD,119.21,0.00,confirmed_zero,1.0,fixture_manual,split_adjusted_close,approved
QQQ,US,2017-10-31,USD,120.23,0.00,confirmed_zero,1.0,fixture_manual,split_adjusted_close,approved
QQQ,US,2017-11-30,USD,121.25,0.00,confirmed_zero,1.0,fixture_manual,split_adjusted_close,approved
QQQ,US,2017-12-31,USD,122.28,0.00,confirmed_zero,1.0,fixture_manual,split_adjusted_close,approved
QQQ,US,2018-01-31,USD,123.32,0.00,confirmed_zero,1.0,fixture_manual,split_adjusted_close,approved
QQQ,US,2018-02-28,USD,124.37,0.00,confirmed_zero,1.0,fixture_manual,split_adjusted_close,approved
QQQ,US,2018-03-31,USD,125.42,0.00,confirmed_zero,1.0,fixture_manual,split_adjusted_close,approved
QQQ,US,2018-04-30,USD,126.49,0.00,confirmed_zero,1.0,fixture_manual,split_adjusted_close,approved
QQQ,US,2018-05-31,USD,127.57,0.00,confirmed_zero,1.0,fixture_manual,split_adjusted_close,approved
QQQ,US,2018-06-30,USD,128.65,0.00,confirmed_zero,1.0,fixture_manual,split_adjusted_close,approved
QQQ,US,2018-07-31,USD,129.74,0.00,confirmed_zero,1.0,fixture_manual,split_adjusted_close,approved
QQQ,US,2018-08-31,USD,130.85,0.00,confirmed_zero,1.0,fixture_manual,split_adjusted_close,approved
QQQ,US,2018-09-30,USD,131.96,0.00,confirmed_zero,1.0,fixture_manual,split_adjusted_close,approved
QQQ,US,2018-10-31,USD,133.08,0.00,confirmed_zero,1.0,fixture_manual,split_adjusted_close,approved
QQQ,US,2018-11-30,USD,134.21,0.00,confirmed_zero,1.0,fixture_manual,split_adjusted_close,approved
QQQ,US,2018-12-31,USD,135.35,0.00,confirmed_zero,1.0,fixture_manual,split_adjusted_close,approved
QQQ,US,2019-01-31,USD,136.50,0.00,confirmed_zero,1.0,fixture_manual,split_adjusted_close,approved
QQQ,US,2019-02-28,USD,137.66,0.00,confirmed_zero,1.0,fixture_manual,split_adjusted_close,approved
QQQ,US,2019-03-31,USD,138.83,0.00,confirmed_zero,1.0,fixture_manual,split_adjusted_close,approved
QQQ,US,2019-04-30,USD,140.01,0.00,confirmed_zero,1.0,fixture_manual,split_adjusted_close,approved
QQQ,US,2019-05-31,USD,141.20,0.00,confirmed_zero,1.0,fixture_manual,split_adjusted_close,approved
QQQ,US,2019-06-30,USD,142.40,0.00,confirmed_zero,1.0,fixture_manual,split_adjusted_close,approved
QQQ,US,2019-07-31,USD,143.61,0.00,confirmed_zero,1.0,fixture_manual,split_adjusted_close,approved
QQQ,US,2019-08-31,USD,144.84,0.00,confirmed_zero,1.0,fixture_manual,split_adjusted_close,approved
QQQ,US,2019-09-30,USD,146.07,0.00,confirmed_zero,1.0,fixture_manual,split_adjusted_close,approved
QQQ,US,2019-10-31,USD,147.31,0.00,confirmed_zero,1.0,fixture_manual,split_adjusted_close,approved
QQQ,US,2019-11-30,USD,148.56,0.00,confirmed_zero,1.0,fixture_manual,split_adjusted_close,approved
QQQ,US,2019-12-31,USD,133.48,0.00,confirmed_zero,1.0,fixture_manual,split_adjusted_close,approved
QQQ,US,2020-01-31,USD,114.59,0.00,confirmed_zero,1.0,fixture_manual,split_adjusted_close,approved
QQQ,US,2020-02-29,USD,94.94,0.00,confirmed_zero,1.0,fixture_manual,split_adjusted_close,approved
QQQ,US,2020-03-31,USD,103.34,0.00,confirmed_zero,1.0,fixture_manual,split_adjusted_close,approved
QQQ,US,2020-04-30,USD,111.46,0.00,confirmed_zero,1.0,fixture_manual,split_adjusted_close,approved
QQQ,US,2020-05-31,USD,116.86,0.00,confirmed_zero,1.0,fixture_manual,split_adjusted_close,approved
QQQ,US,2020-06-30,USD,121.36,0.00,confirmed_zero,1.0,fixture_manual,split_adjusted_close,approved
QQQ,US,2020-07-31,USD,125.43,0.00,confirmed_zero,1.0,fixture_manual,split_adjusted_close,approved
QQQ,US,2020-08-31,USD,129.00,0.00,confirmed_zero,1.0,fixture_manual,split_adjusted_close,approved
QQQ,US,2020-09-30,USD,132.42,0.00,confirmed_zero,1.0,fixture_manual,split_adjusted_close,approved
QQQ,US,2020-10-31,USD,133.54,0.00,confirmed_zero,1.0,fixture_manual,split_adjusted_close,approved
QQQ,US,2020-11-30,USD,134.68,0.00,confirmed_zero,1.0,fixture_manual,split_adjusted_close,approved
QQQ,US,2020-12-31,USD,135.82,0.00,confirmed_zero,1.0,fixture_manual,split_adjusted_close,approved
QQQ,US,2021-01-31,USD,136.98,0.00,confirmed_zero,1.0,fixture_manual,split_adjusted_close,approved
QQQ,US,2021-02-28,USD,138.14,0.00,confirmed_zero,1.0,fixture_manual,split_adjusted_close,approved
QQQ,US,2021-03-31,USD,139.32,0.00,confirmed_zero,1.0,fixture_manual,split_adjusted_close,approved
QQQ,US,2021-04-30,USD,140.50,0.00,confirmed_zero,1.0,fixture_manual,split_adjusted_close,approved
QQQ,US,2021-05-31,USD,141.70,0.00,confirmed_zero,1.0,fixture_manual,split_adjusted_close,approved
QQQ,US,2021-06-30,USD,142.90,0.00,confirmed_zero,1.0,fixture_manual,split_adjusted_close,approved
QQQ,US,2021-07-31,USD,144.11,0.00,confirmed_zero,1.0,fixture_manual,split_adjusted_close,approved
QQQ,US,2021-08-31,USD,145.34,0.00,confirmed_zero,1.0,fixture_manual,split_adjusted_close,approved
QQQ,US,2021-09-30,USD,146.58,0.00,confirmed_zero,1.0,fixture_manual,split_adjusted_close,approved
QQQ,US,2021-10-31,USD,147.82,0.00,confirmed_zero,1.0,fixture_manual,split_adjusted_close,approved
QQQ,US,2021-11-30,USD,149.08,0.00,confirmed_zero,1.0,fixture_manual,split_adjusted_close,approved
QQQ,US,2021-12-31,USD,150.34,0.00,confirmed_zero,1.0,fixture_manual,split_adjusted_close,approved
QQQ,US,2022-01-31,USD,151.62,0.00,confirmed_zero,1.0,fixture_manual,split_adjusted_close,approved
QQQ,US,2022-02-28,USD,152.91,0.00,confirmed_zero,1.0,fixture_manual,split_adjusted_close,approved
QQQ,US,2022-03-31,USD,154.21,0.00,confirmed_zero,1.0,fixture_manual,split_adjusted_close,approved
QQQ,US,2022-04-30,USD,155.52,0.00,confirmed_zero,1.0,fixture_manual,split_adjusted_close,approved
QQQ,US,2022-05-31,USD,156.84,0.00,confirmed_zero,1.0,fixture_manual,split_adjusted_close,approved
QQQ,US,2022-06-30,USD,158.18,0.00,confirmed_zero,1.0,fixture_manual,split_adjusted_close,approved
QQQ,US,2022-07-31,USD,159.52,0.00,confirmed_zero,1.0,fixture_manual,split_adjusted_close,approved
QQQ,US,2022-08-31,USD,160.88,0.00,confirmed_zero,1.0,fixture_manual,split_adjusted_close,approved
QQQ,US,2022-09-30,USD,162.24,0.00,confirmed_zero,1.0,fixture_manual,split_adjusted_close,approved
QQQ,US,2022-10-31,USD,163.62,0.00,confirmed_zero,1.0,fixture_manual,split_adjusted_close,approved
QQQ,US,2022-11-30,USD,165.01,0.00,confirmed_zero,1.0,fixture_manual,split_adjusted_close,approved
QQQ,US,2022-12-31,USD,166.42,0.00,confirmed_zero,1.0,fixture_manual,split_adjusted_close,approved
QQQ,US,2023-01-31,USD,167.83,0.00,confirmed_zero,1.0,fixture_manual,split_adjusted_close,approved
QQQ,US,2023-02-28,USD,169.26,0.00,confirmed_zero,1.0,fixture_manual,split_adjusted_close,approved
QQQ,US,2023-03-31,USD,170.70,0.00,confirmed_zero,1.0,fixture_manual,split_adjusted_close,approved
QQQ,US,2023-04-30,USD,172.15,0.00,confirmed_zero,1.0,fixture_manual,split_adjusted_close,approved
QQQ,US,2023-05-31,USD,173.61,0.00,confirmed_zero,1.0,fixture_manual,split_adjusted_close,approved
QQQ,US,2023-06-30,USD,175.09,0.00,confirmed_zero,1.0,fixture_manual,split_adjusted_close,approved
QQQ,US,2023-07-31,USD,176.58,0.00,confirmed_zero,1.0,fixture_manual,split_adjusted_close,approved
QQQ,US,2023-08-31,USD,178.08,0.00,confirmed_zero,1.0,fixture_manual,split_adjusted_close,approved
QQQ,US,2023-09-30,USD,179.59,0.00,confirmed_zero,1.0,fixture_manual,split_adjusted_close,approved
QQQ,US,2023-10-31,USD,181.12,0.00,confirmed_zero,1.0,fixture_manual,split_adjusted_close,approved
QQQ,US,2023-11-30,USD,182.66,0.00,confirmed_zero,1.0,fixture_manual,split_adjusted_close,approved
QQQ,US,2023-12-31,USD,184.21,0.00,confirmed_zero,1.0,fixture_manual,split_adjusted_close,approved
QQQ,US,2024-01-31,USD,185.77,0.00,confirmed_zero,1.0,fixture_manual,split_adjusted_close,approved
QQQ,US,2024-02-29,USD,187.35,0.00,confirmed_zero,1.0,fixture_manual,split_adjusted_close,approved
QQQ,US,2024-03-31,USD,188.95,0.00,confirmed_zero,1.0,fixture_manual,split_adjusted_close,approved
QQQ,US,2024-04-30,USD,190.55,0.00,confirmed_zero,1.0,fixture_manual,split_adjusted_close,approved
QQQ,US,2024-05-31,USD,192.17,0.00,confirmed_zero,1.0,fixture_manual,split_adjusted_close,approved
QQQ,US,2024-06-30,USD,193.81,0.00,confirmed_zero,1.0,fixture_manual,split_adjusted_close,approved
QQQ,US,2024-07-31,USD,195.45,0.00,confirmed_zero,1.0,fixture_manual,split_adjusted_close,approved
QQQ,US,2024-08-31,USD,197.11,0.00,confirmed_zero,1.0,fixture_manual,split_adjusted_close,approved
QQQ,US,2024-09-30,USD,198.79,0.00,confirmed_zero,1.0,fixture_manual,split_adjusted_close,approved
QQQ,US,2024-10-31,USD,200.48,0.00,confirmed_zero,1.0,fixture_manual,split_adjusted_close,approved
QQQ,US,2024-11-30,USD,202.18,0.00,confirmed_zero,1.0,fixture_manual,split_adjusted_close,approved
QQQ,US,2024-12-31,USD,203.90,0.00,confirmed_zero,1.0,fixture_manual,split_adjusted_close,approved
QQQ,US,2025-01-31,USD,205.63,0.00,confirmed_zero,1.0,fixture_manual,split_adjusted_close,approved
QQQ,US,2025-02-28,USD,207.38,0.00,confirmed_zero,1.0,fixture_manual,split_adjusted_close,approved
QQQ,US,2025-03-31,USD,209.15,0.00,confirmed_zero,1.0,fixture_manual,split_adjusted_close,approved
QQQ,US,2025-04-30,USD,210.92,0.00,confirmed_zero,1.0,fixture_manual,split_adjusted_close,approved
QQQ,US,2025-05-31,USD,212.72,0.00,confirmed_zero,1.0,fixture_manual,split_adjusted_close,approved
QQQ,US,2025-06-30,USD,214.52,0.00,confirmed_zero,1.0,fixture_manual,split_adjusted_close,approved
QQQ,US,2025-07-31,USD,216.35,0.00,confirmed_zero,1.0,fixture_manual,split_adjusted_close,approved
QQQ,US,2025-08-31,USD,218.19,0.00,confirmed_zero,1.0,fixture_manual,split_adjusted_close,approved
QQQ,US,2025-09-30,USD,220.04,0.00,confirmed_zero,1.0,fixture_manual,split_adjusted_close,approved
QQQ,US,2025-10-31,USD,221.91,0.00,confirmed_zero,1.0,fixture_manual,split_adjusted_close,approved
QQQ,US,2025-11-30,USD,223.80,0.00,confirmed_zero,1.0,fixture_manual,split_adjusted_close,approved
QQQ,US,2025-12-31,USD,225.70,0.00,confirmed_zero,1.0,fixture_manual,split_adjusted_close,approved
QQQ,US,2026-01-31,USD,227.62,0.00,confirmed_zero,1.0,fixture_manual,split_adjusted_close,approved
QQQ,US,2026-02-28,USD,229.55,0.00,confirmed_zero,1.0,fixture_manual,split_adjusted_close,approved
QQQ,US,2026-03-31,USD,231.50,0.00,confirmed_zero,1.0,fixture_manual,split_adjusted_close,approved
QQQ,US,2026-04-30,USD,233.47,0.00,confirmed_zero,1.0,fixture_manual,split_adjusted_close,approved
QQQ,US,2026-05-31,USD,235.46,0.00,confirmed_zero,1.0,fixture_manual,split_adjusted_close,approved
QQQ,US,2026-06-30,USD,237.46,0.00,confirmed_zero,1.0,fixture_manual,split_adjusted_close,approved
MSFT,US,2016-06-30,USD,51.00,0.00,confirmed_zero,1.0,fixture_manual,split_adjusted_close,approved
MSFT,US,2016-07-31,USD,51.48,0.00,confirmed_zero,1.0,fixture_manual,split_adjusted_close,approved
MSFT,US,2016-08-31,USD,51.97,0.00,confirmed_zero,1.0,fixture_manual,split_adjusted_close,approved
MSFT,US,2016-09-30,USD,52.47,0.08,confirmed_value,1.0,fixture_manual,split_adjusted_close,approved
MSFT,US,2016-10-31,USD,52.97,0.00,confirmed_zero,1.0,fixture_manual,split_adjusted_close,approved
MSFT,US,2016-11-30,USD,53.47,0.00,confirmed_zero,1.0,fixture_manual,split_adjusted_close,approved
MSFT,US,2016-12-31,USD,53.98,0.08,confirmed_value,1.0,fixture_manual,split_adjusted_close,approved
MSFT,US,2017-01-31,USD,54.49,0.00,confirmed_zero,1.0,fixture_manual,split_adjusted_close,approved
MSFT,US,2017-02-28,USD,55.01,0.00,confirmed_zero,1.0,fixture_manual,split_adjusted_close,approved
MSFT,US,2017-03-31,USD,55.53,0.08,confirmed_value,1.0,fixture_manual,split_adjusted_close,approved
MSFT,US,2017-04-30,USD,56.06,0.00,confirmed_zero,1.0,fixture_manual,split_adjusted_close,approved
MSFT,US,2017-05-31,USD,56.59,0.00,confirmed_zero,1.0,fixture_manual,split_adjusted_close,approved
MSFT,US,2017-06-30,USD,57.13,0.09,confirmed_value,1.0,fixture_manual,split_adjusted_close,approved
MSFT,US,2017-07-31,USD,57.67,0.00,confirmed_zero,1.0,fixture_manual,split_adjusted_close,approved
MSFT,US,2017-08-31,USD,58.22,0.00,confirmed_zero,1.0,fixture_manual,split_adjusted_close,approved
MSFT,US,2017-09-30,USD,58.77,0.09,confirmed_value,1.0,fixture_manual,split_adjusted_close,approved
MSFT,US,2017-10-31,USD,59.33,0.00,confirmed_zero,1.0,fixture_manual,split_adjusted_close,approved
MSFT,US,2017-11-30,USD,59.89,0.00,confirmed_zero,1.0,fixture_manual,split_adjusted_close,approved
MSFT,US,2017-12-31,USD,60.46,0.09,confirmed_value,1.0,fixture_manual,split_adjusted_close,approved
MSFT,US,2018-01-31,USD,61.04,0.00,confirmed_zero,1.0,fixture_manual,split_adjusted_close,approved
MSFT,US,2018-02-28,USD,61.62,0.00,confirmed_zero,1.0,fixture_manual,split_adjusted_close,approved
MSFT,US,2018-03-31,USD,62.20,0.09,confirmed_value,1.0,fixture_manual,split_adjusted_close,approved
MSFT,US,2018-04-30,USD,62.79,0.00,confirmed_zero,1.0,fixture_manual,split_adjusted_close,approved
MSFT,US,2018-05-31,USD,63.39,0.00,confirmed_zero,1.0,fixture_manual,split_adjusted_close,approved
MSFT,US,2018-06-30,USD,63.99,0.10,confirmed_value,1.0,fixture_manual,split_adjusted_close,approved
MSFT,US,2018-07-31,USD,64.60,0.00,confirmed_zero,1.0,fixture_manual,split_adjusted_close,approved
MSFT,US,2018-08-31,USD,65.21,0.00,confirmed_zero,1.0,fixture_manual,split_adjusted_close,approved
MSFT,US,2018-09-30,USD,65.83,0.10,confirmed_value,1.0,fixture_manual,split_adjusted_close,approved
MSFT,US,2018-10-31,USD,66.46,0.00,confirmed_zero,1.0,fixture_manual,split_adjusted_close,approved
MSFT,US,2018-11-30,USD,67.09,0.00,confirmed_zero,1.0,fixture_manual,split_adjusted_close,approved
MSFT,US,2018-12-31,USD,67.73,0.10,confirmed_value,1.0,fixture_manual,split_adjusted_close,approved
MSFT,US,2019-01-31,USD,68.37,0.00,confirmed_zero,1.0,fixture_manual,split_adjusted_close,approved
MSFT,US,2019-02-28,USD,69.02,0.00,confirmed_zero,1.0,fixture_manual,split_adjusted_close,approved
MSFT,US,2019-03-31,USD,69.68,0.10,confirmed_value,1.0,fixture_manual,split_adjusted_close,approved
MSFT,US,2019-04-30,USD,70.34,0.00,confirmed_zero,1.0,fixture_manual,split_adjusted_close,approved
MSFT,US,2019-05-31,USD,71.01,0.00,confirmed_zero,1.0,fixture_manual,split_adjusted_close,approved
MSFT,US,2019-06-30,USD,71.68,0.11,confirmed_value,1.0,fixture_manual,split_adjusted_close,approved
MSFT,US,2019-07-31,USD,72.36,0.00,confirmed_zero,1.0,fixture_manual,split_adjusted_close,approved
MSFT,US,2019-08-31,USD,73.05,0.00,confirmed_zero,1.0,fixture_manual,split_adjusted_close,approved
MSFT,US,2019-09-30,USD,73.74,0.11,confirmed_value,1.0,fixture_manual,split_adjusted_close,approved
MSFT,US,2019-10-31,USD,74.44,0.00,confirmed_zero,1.0,fixture_manual,split_adjusted_close,approved
MSFT,US,2019-11-30,USD,75.15,0.00,confirmed_zero,1.0,fixture_manual,split_adjusted_close,approved
MSFT,US,2019-12-31,USD,68.35,0.10,confirmed_value,1.0,fixture_manual,split_adjusted_close,approved
MSFT,US,2020-01-31,USD,60.11,0.00,confirmed_zero,1.0,fixture_manual,split_adjusted_close,approved
MSFT,US,2020-02-29,USD,51.07,0.00,confirmed_zero,1.0,fixture_manual,split_adjusted_close,approved
MSFT,US,2020-03-31,USD,54.62,0.08,confirmed_value,1.0,fixture_manual,split_adjusted_close,approved
MSFT,US,2020-04-30,USD,57.86,0.00,confirmed_zero,1.0,fixture_manual,split_adjusted_close,approved
MSFT,US,2020-05-31,USD,60.73,0.00,confirmed_zero,1.0,fixture_manual,split_adjusted_close,approved
MSFT,US,2020-06-30,USD,63.13,0.09,confirmed_value,1.0,fixture_manual,split_adjusted_close,approved
MSFT,US,2020-07-31,USD,65.31,0.00,confirmed_zero,1.0,fixture_manual,split_adjusted_close,approved
MSFT,US,2020-08-31,USD,67.23,0.00,confirmed_zero,1.0,fixture_manual,split_adjusted_close,approved
MSFT,US,2020-09-30,USD,69.08,0.10,confirmed_value,1.0,fixture_manual,split_adjusted_close,approved
MSFT,US,2020-10-31,USD,69.74,0.00,confirmed_zero,1.0,fixture_manual,split_adjusted_close,approved
MSFT,US,2020-11-30,USD,70.40,0.00,confirmed_zero,1.0,fixture_manual,split_adjusted_close,approved
MSFT,US,2020-12-31,USD,71.07,0.11,confirmed_value,1.0,fixture_manual,split_adjusted_close,approved
MSFT,US,2021-01-31,USD,71.74,0.00,confirmed_zero,1.0,fixture_manual,split_adjusted_close,approved
MSFT,US,2021-02-28,USD,72.43,0.00,confirmed_zero,1.0,fixture_manual,split_adjusted_close,approved
MSFT,US,2021-03-31,USD,73.11,0.11,confirmed_value,1.0,fixture_manual,split_adjusted_close,approved
MSFT,US,2021-04-30,USD,73.81,0.00,confirmed_zero,1.0,fixture_manual,split_adjusted_close,approved
MSFT,US,2021-05-31,USD,74.51,0.00,confirmed_zero,1.0,fixture_manual,split_adjusted_close,approved
MSFT,US,2021-06-30,USD,72.24,0.11,confirmed_value,2.0,fixture_manual,split_adjusted_close,approved
MSFT,US,2021-07-31,USD,77.26,0.00,confirmed_zero,1.0,fixture_manual,split_adjusted_close,approved
MSFT,US,2021-08-31,USD,77.99,0.00,confirmed_zero,1.0,fixture_manual,split_adjusted_close,approved
MSFT,US,2021-09-30,USD,78.73,0.12,confirmed_value,1.0,fixture_manual,split_adjusted_close,approved
MSFT,US,2021-10-31,USD,79.48,0.00,confirmed_zero,1.0,fixture_manual,split_adjusted_close,approved
MSFT,US,2021-11-30,USD,80.23,0.00,confirmed_zero,1.0,fixture_manual,split_adjusted_close,approved
MSFT,US,2021-12-31,USD,81.00,0.12,confirmed_value,1.0,fixture_manual,split_adjusted_close,approved
MSFT,US,2022-01-31,USD,81.77,0.00,confirmed_zero,1.0,fixture_manual,split_adjusted_close,approved
MSFT,US,2022-02-28,USD,82.54,0.00,confirmed_zero,1.0,fixture_manual,split_adjusted_close,approved
MSFT,US,2022-03-31,USD,83.33,0.12,confirmed_value,1.0,fixture_manual,split_adjusted_close,approved
MSFT,US,2022-04-30,USD,84.12,0.00,confirmed_zero,1.0,fixture_manual,split_adjusted_close,approved
MSFT,US,2022-05-31,USD,84.92,0.00,confirmed_zero,1.0,fixture_manual,split_adjusted_close,approved
MSFT,US,2022-06-30,USD,85.72,0.13,confirmed_value,1.0,fixture_manual,split_adjusted_close,approved
MSFT,US,2022-07-31,USD,86.54,0.00,confirmed_zero,1.0,fixture_manual,split_adjusted_close,approved
MSFT,US,2022-08-31,USD,87.36,0.00,confirmed_zero,1.0,fixture_manual,split_adjusted_close,approved
MSFT,US,2022-09-30,USD,88.19,0.13,confirmed_value,1.0,fixture_manual,split_adjusted_close,approved
MSFT,US,2022-10-31,USD,89.03,0.00,confirmed_zero,1.0,fixture_manual,split_adjusted_close,approved
MSFT,US,2022-11-30,USD,89.88,0.00,confirmed_zero,1.0,fixture_manual,split_adjusted_close,approved
MSFT,US,2022-12-31,USD,90.73,0.14,confirmed_value,1.0,fixture_manual,split_adjusted_close,approved
MSFT,US,2023-01-31,USD,91.59,0.00,confirmed_zero,1.0,fixture_manual,split_adjusted_close,approved
MSFT,US,2023-02-28,USD,92.46,0.00,confirmed_zero,1.0,fixture_manual,split_adjusted_close,approved
MSFT,US,2023-03-31,USD,93.34,0.14,confirmed_value,1.0,fixture_manual,split_adjusted_close,approved
MSFT,US,2023-04-30,USD,94.23,0.00,confirmed_zero,1.0,fixture_manual,split_adjusted_close,approved
MSFT,US,2023-05-31,USD,95.12,0.00,confirmed_zero,1.0,fixture_manual,split_adjusted_close,approved
MSFT,US,2023-06-30,USD,96.02,0.14,confirmed_value,1.0,fixture_manual,split_adjusted_close,approved
MSFT,US,2023-07-31,USD,96.94,0.00,confirmed_zero,1.0,fixture_manual,split_adjusted_close,approved
MSFT,US,2023-08-31,USD,97.86,0.00,confirmed_zero,1.0,fixture_manual,split_adjusted_close,approved
MSFT,US,2023-09-30,USD,98.79,0.15,confirmed_value,1.0,fixture_manual,split_adjusted_close,approved
MSFT,US,2023-10-31,USD,99.73,0.00,confirmed_zero,1.0,fixture_manual,split_adjusted_close,approved
MSFT,US,2023-11-30,USD,100.67,0.00,confirmed_zero,1.0,fixture_manual,split_adjusted_close,approved
MSFT,US,2023-12-31,USD,101.63,0.15,confirmed_value,1.0,fixture_manual,split_adjusted_close,approved
MSFT,US,2024-01-31,USD,102.60,0.00,confirmed_zero,1.0,fixture_manual,split_adjusted_close,approved
MSFT,US,2024-02-29,USD,103.57,0.00,confirmed_zero,1.0,fixture_manual,split_adjusted_close,approved
MSFT,US,2024-03-31,USD,104.55,0.16,confirmed_value,1.0,fixture_manual,split_adjusted_close,approved
MSFT,US,2024-04-30,USD,105.55,0.00,confirmed_zero,1.0,fixture_manual,split_adjusted_close,approved
MSFT,US,2024-05-31,USD,106.55,0.00,confirmed_zero,1.0,fixture_manual,split_adjusted_close,approved
MSFT,US,2024-06-30,USD,107.56,0.16,confirmed_value,1.0,fixture_manual,split_adjusted_close,approved
MSFT,US,2024-07-31,USD,108.58,0.00,confirmed_zero,1.0,fixture_manual,split_adjusted_close,approved
MSFT,US,2024-08-31,USD,109.62,0.00,confirmed_zero,1.0,fixture_manual,split_adjusted_close,approved
MSFT,US,2024-09-30,USD,110.66,0.17,confirmed_value,1.0,fixture_manual,split_adjusted_close,approved
MSFT,US,2024-10-31,USD,111.71,0.00,confirmed_zero,1.0,fixture_manual,split_adjusted_close,approved
MSFT,US,2024-11-30,USD,112.77,0.00,confirmed_zero,1.0,fixture_manual,split_adjusted_close,approved
MSFT,US,2024-12-31,USD,113.84,0.17,confirmed_value,1.0,fixture_manual,split_adjusted_close,approved
MSFT,US,2025-01-31,USD,114.92,0.00,confirmed_zero,1.0,fixture_manual,split_adjusted_close,approved
MSFT,US,2025-02-28,USD,116.01,0.00,confirmed_zero,1.0,fixture_manual,split_adjusted_close,approved
MSFT,US,2025-03-31,USD,117.12,0.18,confirmed_value,1.0,fixture_manual,split_adjusted_close,approved
MSFT,US,2025-04-30,USD,118.23,0.00,confirmed_zero,1.0,fixture_manual,split_adjusted_close,approved
MSFT,US,2025-05-31,USD,119.35,0.00,confirmed_zero,1.0,fixture_manual,split_adjusted_close,approved
MSFT,US,2025-06-30,USD,120.49,0.18,confirmed_value,1.0,fixture_manual,split_adjusted_close,approved
MSFT,US,2025-07-31,USD,121.63,,missing,1.0,fixture_manual,split_adjusted_close,approved
MSFT,US,2025-08-31,USD,122.79,,missing,1.0,fixture_manual,split_adjusted_close,approved
MSFT,US,2025-09-30,USD,123.95,,missing,1.0,fixture_manual,split_adjusted_close,approved
MSFT,US,2025-10-31,USD,125.13,,missing,1.0,fixture_manual,split_adjusted_close,approved
MSFT,US,2025-11-30,USD,126.32,,missing,1.0,fixture_manual,split_adjusted_close,approved
MSFT,US,2025-12-31,USD,127.52,,missing,1.0,fixture_manual,split_adjusted_close,approved
MSFT,US,2026-01-31,USD,128.73,,missing,1.0,fixture_manual,split_adjusted_close,approved
MSFT,US,2026-02-28,USD,129.95,,missing,1.0,fixture_manual,split_adjusted_close,approved
MSFT,US,2026-03-31,USD,131.19,,missing,1.0,fixture_manual,split_adjusted_close,approved
MSFT,US,2026-04-30,USD,132.43,,missing,1.0,fixture_manual,split_adjusted_close,approved
MSFT,US,2026-05-31,USD,133.69,,missing,1.0,fixture_manual,split_adjusted_close,approved
MSFT,US,2026-06-30,USD,134.96,,missing,1.0,fixture_manual,split_adjusted_close,approved
069500,KR,2016-06-30,KRW,24500.00,0.00,confirmed_zero,1.0,fixture_manual,split_adjusted_close,approved
069500,KR,2016-07-31,KRW,24617.60,0.00,confirmed_zero,1.0,fixture_manual,split_adjusted_close,approved
069500,KR,2016-08-31,KRW,24735.76,0.00,confirmed_zero,1.0,fixture_manual,split_adjusted_close,approved
069500,KR,2016-09-30,KRW,24854.50,49.71,confirmed_value,1.0,fixture_manual,split_adjusted_close,approved
069500,KR,2016-10-31,KRW,24973.80,0.00,confirmed_zero,1.0,fixture_manual,split_adjusted_close,approved
069500,KR,2016-11-30,KRW,25093.67,0.00,confirmed_zero,1.0,fixture_manual,split_adjusted_close,approved
069500,KR,2016-12-31,KRW,25214.12,50.43,confirmed_value,1.0,fixture_manual,split_adjusted_close,approved
069500,KR,2017-01-31,KRW,25335.15,0.00,confirmed_zero,1.0,fixture_manual,split_adjusted_close,approved
069500,KR,2017-02-28,KRW,25456.76,0.00,confirmed_zero,1.0,fixture_manual,split_adjusted_close,approved
069500,KR,2017-03-31,KRW,25578.95,51.16,confirmed_value,1.0,fixture_manual,split_adjusted_close,approved
069500,KR,2017-04-30,KRW,25701.73,0.00,confirmed_zero,1.0,fixture_manual,split_adjusted_close,approved
069500,KR,2017-05-31,KRW,25825.10,0.00,confirmed_zero,1.0,fixture_manual,split_adjusted_close,approved
069500,KR,2017-06-30,KRW,25949.06,51.90,confirmed_value,1.0,fixture_manual,split_adjusted_close,approved
069500,KR,2017-07-31,KRW,26073.61,0.00,confirmed_zero,1.0,fixture_manual,split_adjusted_close,approved
069500,KR,2017-08-31,KRW,26198.77,0.00,confirmed_zero,1.0,fixture_manual,split_adjusted_close,approved
069500,KR,2017-09-30,KRW,26324.52,52.65,confirmed_value,1.0,fixture_manual,split_adjusted_close,approved
069500,KR,2017-10-31,KRW,26450.88,0.00,confirmed_zero,1.0,fixture_manual,split_adjusted_close,approved
069500,KR,2017-11-30,KRW,26577.84,0.00,confirmed_zero,1.0,fixture_manual,split_adjusted_close,approved
069500,KR,2017-12-31,KRW,26705.42,53.41,confirmed_value,1.0,fixture_manual,split_adjusted_close,approved
069500,KR,2018-01-31,KRW,26833.60,0.00,confirmed_zero,1.0,fixture_manual,split_adjusted_close,approved
069500,KR,2018-02-28,KRW,26962.40,0.00,confirmed_zero,1.0,fixture_manual,split_adjusted_close,approved
069500,KR,2018-03-31,KRW,27091.82,54.18,confirmed_value,1.0,fixture_manual,split_adjusted_close,approved
069500,KR,2018-04-30,KRW,27221.86,0.00,confirmed_zero,1.0,fixture_manual,split_adjusted_close,approved
069500,KR,2018-05-31,KRW,27352.53,0.00,confirmed_zero,1.0,fixture_manual,split_adjusted_close,approved
069500,KR,2018-06-30,KRW,27483.82,54.97,confirmed_value,1.0,fixture_manual,split_adjusted_close,approved
069500,KR,2018-07-31,KRW,27615.74,0.00,confirmed_zero,1.0,fixture_manual,split_adjusted_close,approved
069500,KR,2018-08-31,KRW,27748.30,0.00,confirmed_zero,1.0,fixture_manual,split_adjusted_close,approved
069500,KR,2018-09-30,KRW,27881.49,55.76,confirmed_value,1.0,fixture_manual,split_adjusted_close,approved
069500,KR,2018-10-31,KRW,28015.32,0.00,confirmed_zero,1.0,fixture_manual,split_adjusted_close,approved
069500,KR,2018-11-30,KRW,28149.80,0.00,confirmed_zero,1.0,fixture_manual,split_adjusted_close,approved
069500,KR,2018-12-31,KRW,28284.91,56.57,confirmed_value,1.0,fixture_manual,split_adjusted_close,approved
069500,KR,2019-01-31,KRW,28420.68,0.00,confirmed_zero,1.0,fixture_manual,split_adjusted_close,approved
069500,KR,2019-02-28,KRW,28557.10,0.00,confirmed_zero,1.0,fixture_manual,split_adjusted_close,approved
069500,KR,2019-03-31,KRW,28694.18,57.39,confirmed_value,1.0,fixture_manual,split_adjusted_close,approved
069500,KR,2019-04-30,KRW,28831.91,0.00,confirmed_zero,1.0,fixture_manual,split_adjusted_close,approved
069500,KR,2019-05-31,KRW,28970.30,0.00,confirmed_zero,1.0,fixture_manual,split_adjusted_close,approved
069500,KR,2019-06-30,KRW,29109.36,58.22,confirmed_value,1.0,fixture_manual,split_adjusted_close,approved
069500,KR,2019-07-31,KRW,29249.08,0.00,confirmed_zero,1.0,fixture_manual,split_adjusted_close,approved
069500,KR,2019-08-31,KRW,29389.48,0.00,confirmed_zero,1.0,fixture_manual,split_adjusted_close,approved
069500,KR,2019-09-30,KRW,29530.55,59.06,confirmed_value,1.0,fixture_manual,split_adjusted_close,approved
069500,KR,2019-10-31,KRW,29672.30,0.00,confirmed_zero,1.0,fixture_manual,split_adjusted_close,approved
069500,KR,2019-11-30,KRW,29814.72,0.00,confirmed_zero,1.0,fixture_manual,split_adjusted_close,approved
069500,KR,2019-12-31,KRW,27870.80,55.74,confirmed_value,1.0,fixture_manual,split_adjusted_close,approved
069500,KR,2020-01-31,KRW,25217.50,0.00,confirmed_zero,1.0,fixture_manual,split_adjusted_close,approved
069500,KR,2020-02-29,KRW,22312.45,0.00,confirmed_zero,1.0,fixture_manual,split_adjusted_close,approved
069500,KR,2020-03-31,KRW,23312.04,46.62,confirmed_value,1.0,fixture_manual,split_adjusted_close,approved
069500,KR,2020-04-30,KRW,24123.30,0.00,confirmed_zero,1.0,fixture_manual,split_adjusted_close,approved
069500,KR,2020-05-31,KRW,25204.03,0.00,confirmed_zero,1.0,fixture_manual,split_adjusted_close,approved
069500,KR,2020-06-30,KRW,26081.13,52.16,confirmed_value,1.0,fixture_manual,split_adjusted_close,approved
069500,KR,2020-07-31,KRW,26858.34,0.00,confirmed_zero,1.0,fixture_manual,split_adjusted_close,approved
069500,KR,2020-08-31,KRW,27524.43,0.00,confirmed_zero,1.0,fixture_manual,split_adjusted_close,approved
069500,KR,2020-09-30,KRW,28151.99,56.30,confirmed_value,1.0,fixture_manual,split_adjusted_close,approved
069500,KR,2020-10-31,KRW,28287.12,0.00,confirmed_zero,1.0,fixture_manual,split_adjusted_close,approved
069500,KR,2020-11-30,KRW,28422.90,0.00,confirmed_zero,1.0,fixture_manual,split_adjusted_close,approved
069500,KR,2020-12-31,KRW,28559.33,57.12,confirmed_value,1.0,fixture_manual,split_adjusted_close,approved
069500,KR,2021-01-31,KRW,28696.41,0.00,confirmed_zero,1.0,fixture_manual,split_adjusted_close,approved
069500,KR,2021-02-28,KRW,28834.15,0.00,confirmed_zero,1.0,fixture_manual,split_adjusted_close,approved
069500,KR,2021-03-31,KRW,28972.56,57.95,confirmed_value,1.0,fixture_manual,split_adjusted_close,approved
069500,KR,2021-04-30,KRW,29111.63,0.00,confirmed_zero,1.0,fixture_manual,split_adjusted_close,approved
069500,KR,2021-05-31,KRW,29251.36,0.00,confirmed_zero,1.0,fixture_manual,split_adjusted_close,approved
069500,KR,2021-06-30,KRW,29391.77,58.78,confirmed_value,1.0,fixture_manual,split_adjusted_close,approved
069500,KR,2021-07-31,KRW,29532.85,0.00,confirmed_zero,1.0,fixture_manual,split_adjusted_close,approved
069500,KR,2021-08-31,KRW,29674.61,0.00,confirmed_zero,1.0,fixture_manual,split_adjusted_close,approved
069500,KR,2021-09-30,KRW,29817.04,59.63,confirmed_value,1.0,fixture_manual,split_adjusted_close,approved
069500,KR,2021-10-31,KRW,29960.17,0.00,confirmed_zero,1.0,fixture_manual,split_adjusted_close,approved
069500,KR,2021-11-30,KRW,30103.97,0.00,confirmed_zero,1.0,fixture_manual,split_adjusted_close,approved
069500,KR,2021-12-31,KRW,30248.47,60.50,confirmed_value,1.0,fixture_manual,split_adjusted_close,approved
069500,KR,2022-01-31,KRW,30393.67,0.00,confirmed_zero,1.0,fixture_manual,split_adjusted_close,approved
069500,KR,2022-02-28,KRW,30539.56,0.00,confirmed_zero,1.0,fixture_manual,split_adjusted_close,approved
069500,KR,2022-03-31,KRW,30686.15,61.37,confirmed_value,1.0,fixture_manual,split_adjusted_close,approved
069500,KR,2022-04-30,KRW,30833.44,0.00,confirmed_zero,1.0,fixture_manual,split_adjusted_close,approved
069500,KR,2022-05-31,KRW,30981.44,0.00,confirmed_zero,1.0,fixture_manual,split_adjusted_close,approved
069500,KR,2022-06-30,KRW,31130.15,62.26,confirmed_value,1.0,fixture_manual,split_adjusted_close,approved
069500,KR,2022-07-31,KRW,31279.58,0.00,confirmed_zero,1.0,fixture_manual,split_adjusted_close,approved
069500,KR,2022-08-31,KRW,31429.72,0.00,confirmed_zero,1.0,fixture_manual,split_adjusted_close,approved
069500,KR,2022-09-30,KRW,31580.58,63.16,confirmed_value,1.0,fixture_manual,split_adjusted_close,approved
069500,KR,2022-10-31,KRW,31732.17,0.00,confirmed_zero,1.0,fixture_manual,split_adjusted_close,approved
069500,KR,2022-11-30,KRW,31884.48,0.00,confirmed_zero,1.0,fixture_manual,split_adjusted_close,approved
069500,KR,2022-12-31,KRW,32037.53,64.08,confirmed_value,1.0,fixture_manual,split_adjusted_close,approved
069500,KR,2023-01-31,KRW,32191.31,0.00,confirmed_zero,1.0,fixture_manual,split_adjusted_close,approved
069500,KR,2023-02-28,KRW,32345.83,0.00,confirmed_zero,1.0,fixture_manual,split_adjusted_close,approved
069500,KR,2023-03-31,KRW,32501.08,65.00,confirmed_value,1.0,fixture_manual,split_adjusted_close,approved
069500,KR,2023-04-30,KRW,32657.09,0.00,confirmed_zero,1.0,fixture_manual,split_adjusted_close,approved
069500,KR,2023-05-31,KRW,32813.84,0.00,confirmed_zero,1.0,fixture_manual,split_adjusted_close,approved
069500,KR,2023-06-30,KRW,32971.35,65.94,confirmed_value,1.0,fixture_manual,split_adjusted_close,approved
069500,KR,2023-07-31,KRW,33129.61,0.00,confirmed_zero,1.0,fixture_manual,split_adjusted_close,approved
069500,KR,2023-08-31,KRW,33288.64,0.00,confirmed_zero,1.0,fixture_manual,split_adjusted_close,approved
069500,KR,2023-09-30,KRW,33448.42,66.90,confirmed_value,1.0,fixture_manual,split_adjusted_close,approved
069500,KR,2023-10-31,KRW,33608.97,0.00,confirmed_zero,1.0,fixture_manual,split_adjusted_close,approved
069500,KR,2023-11-30,KRW,33770.30,0.00,confirmed_zero,1.0,fixture_manual,split_adjusted_close,approved
069500,KR,2023-12-31,KRW,33932.39,67.86,confirmed_value,1.0,fixture_manual,split_adjusted_close,approved
069500,KR,2024-01-31,KRW,34095.27,0.00,confirmed_zero,1.0,fixture_manual,split_adjusted_close,approved
069500,KR,2024-02-29,KRW,34258.93,0.00,confirmed_zero,1.0,fixture_manual,split_adjusted_close,approved
069500,KR,2024-03-31,KRW,34423.37,68.85,confirmed_value,1.0,fixture_manual,split_adjusted_close,approved
069500,KR,2024-04-30,KRW,34588.60,0.00,confirmed_zero,1.0,fixture_manual,split_adjusted_close,approved
069500,KR,2024-05-31,KRW,34754.63,0.00,confirmed_zero,1.0,fixture_manual,split_adjusted_close,approved
069500,KR,2024-06-30,KRW,34921.45,69.84,confirmed_value,1.0,fixture_manual,split_adjusted_close,approved
069500,KR,2024-07-31,KRW,35089.07,0.00,confirmed_zero,1.0,fixture_manual,split_adjusted_close,approved
069500,KR,2024-08-31,KRW,35257.50,0.00,confirmed_zero,1.0,fixture_manual,split_adjusted_close,approved
069500,KR,2024-09-30,KRW,35426.74,70.85,confirmed_value,1.0,fixture_manual,split_adjusted_close,approved
069500,KR,2024-10-31,KRW,35596.78,0.00,confirmed_zero,1.0,fixture_manual,split_adjusted_close,approved
069500,KR,2024-11-30,KRW,35767.65,0.00,confirmed_zero,1.0,fixture_manual,split_adjusted_close,approved
069500,KR,2024-12-31,KRW,35939.33,71.88,confirmed_value,1.0,fixture_manual,split_adjusted_close,approved
069500,KR,2025-01-31,KRW,36111.84,0.00,confirmed_zero,1.0,fixture_manual,split_adjusted_close,approved
069500,KR,2025-02-28,KRW,36285.18,0.00,confirmed_zero,1.0,fixture_manual,split_adjusted_close,approved
069500,KR,2025-03-31,KRW,36459.35,72.92,confirmed_value,1.0,fixture_manual,split_adjusted_close,approved
069500,KR,2025-04-30,KRW,36634.35,0.00,confirmed_zero,1.0,fixture_manual,split_adjusted_close,approved
069500,KR,2025-05-31,KRW,36810.20,0.00,confirmed_zero,1.0,fixture_manual,split_adjusted_close,approved
069500,KR,2025-06-30,KRW,36986.89,73.97,confirmed_value,1.0,fixture_manual,split_adjusted_close,approved
069500,KR,2025-07-31,KRW,37164.42,0.00,confirmed_zero,1.0,fixture_manual,split_adjusted_close,approved
069500,KR,2025-08-31,KRW,37342.81,0.00,confirmed_zero,1.0,fixture_manual,split_adjusted_close,approved
069500,KR,2025-09-30,KRW,37522.06,75.04,confirmed_value,1.0,fixture_manual,split_adjusted_close,approved
069500,KR,2025-10-31,KRW,37702.16,0.00,confirmed_zero,1.0,fixture_manual,split_adjusted_close,approved
069500,KR,2025-11-30,KRW,37883.13,0.00,confirmed_zero,1.0,fixture_manual,split_adjusted_close,approved
069500,KR,2025-12-31,KRW,38064.97,76.13,confirmed_value,1.0,fixture_manual,split_adjusted_close,approved
069500,KR,2026-01-31,KRW,38247.69,0.00,confirmed_zero,1.0,fixture_manual,split_adjusted_close,approved
069500,KR,2026-02-28,KRW,38431.27,0.00,confirmed_zero,1.0,fixture_manual,split_adjusted_close,approved
069500,KR,2026-03-31,KRW,38615.74,77.23,confirmed_value,1.0,fixture_manual,split_adjusted_close,approved
069500,KR,2026-04-30,KRW,38801.10,0.00,confirmed_zero,1.0,fixture_manual,split_adjusted_close,approved
069500,KR,2026-05-31,KRW,38987.35,0.00,confirmed_zero,1.0,fixture_manual,split_adjusted_close,approved
069500,KR,2026-06-30,KRW,39174.48,78.35,confirmed_value,1.0,fixture_manual,split_adjusted_close,approved
005930,KR,2016-06-30,KRW,28800.00,0.00,confirmed_zero,1.0,fixture_manual,split_adjusted_close,approved
005930,KR,2016-07-31,KRW,28967.04,0.00,confirmed_zero,1.0,fixture_manual,split_adjusted_close,approved
005930,KR,2016-08-31,KRW,29135.05,0.00,confirmed_zero,1.0,fixture_manual,split_adjusted_close,approved
005930,KR,2016-09-30,KRW,29304.03,58.61,confirmed_value,1.0,fixture_manual,split_adjusted_close,approved
005930,KR,2016-10-31,KRW,29474.00,0.00,confirmed_zero,1.0,fixture_manual,split_adjusted_close,approved
005930,KR,2016-11-30,KRW,29644.94,0.00,confirmed_zero,1.0,fixture_manual,split_adjusted_close,approved
005930,KR,2016-12-31,KRW,29816.89,59.63,confirmed_value,1.0,fixture_manual,split_adjusted_close,approved
005930,KR,2017-01-31,KRW,29989.82,0.00,confirmed_zero,1.0,fixture_manual,split_adjusted_close,approved
005930,KR,2017-02-28,KRW,30163.76,0.00,confirmed_zero,1.0,fixture_manual,split_adjusted_close,approved
005930,KR,2017-03-31,KRW,30338.71,60.68,confirmed_value,1.0,fixture_manual,split_adjusted_close,approved
005930,KR,2017-04-30,KRW,30514.68,0.00,confirmed_zero,1.0,fixture_manual,split_adjusted_close,approved
005930,KR,2017-05-31,KRW,30691.66,0.00,confirmed_zero,1.0,fixture_manual,split_adjusted_close,approved
005930,KR,2017-06-30,KRW,30869.68,61.74,confirmed_value,1.0,fixture_manual,split_adjusted_close,approved
005930,KR,2017-07-31,KRW,31048.72,0.00,confirmed_zero,1.0,fixture_manual,split_adjusted_close,approved
005930,KR,2017-08-31,KRW,31228.80,0.00,confirmed_zero,1.0,fixture_manual,split_adjusted_close,approved
005930,KR,2017-09-30,KRW,31409.93,62.82,confirmed_value,1.0,fixture_manual,split_adjusted_close,approved
005930,KR,2017-10-31,KRW,31592.11,0.00,confirmed_zero,1.0,fixture_manual,split_adjusted_close,approved
005930,KR,2017-11-30,KRW,31775.34,0.00,confirmed_zero,1.0,fixture_manual,split_adjusted_close,approved
005930,KR,2017-12-31,KRW,31959.64,63.92,confirmed_value,1.0,fixture_manual,split_adjusted_close,approved
005930,KR,2018-01-31,KRW,32145.00,0.00,confirmed_zero,1.0,fixture_manual,split_adjusted_close,approved
005930,KR,2018-02-28,KRW,32331.44,0.00,confirmed_zero,1.0,fixture_manual,split_adjusted_close,approved
005930,KR,2018-03-31,KRW,32518.97,65.04,confirmed_value,1.0,fixture_manual,split_adjusted_close,approved
005930,KR,2018-04-30,KRW,32707.58,0.00,confirmed_zero,1.0,fixture_manual,split_adjusted_close,approved
005930,KR,2018-05-31,KRW,32897.28,0.00,confirmed_zero,1.0,fixture_manual,split_adjusted_close,approved
005930,KR,2018-06-30,KRW,33088.09,66.18,confirmed_value,1.0,fixture_manual,split_adjusted_close,approved
005930,KR,2018-07-31,KRW,33280.00,0.00,confirmed_zero,1.0,fixture_manual,split_adjusted_close,approved
005930,KR,2018-08-31,KRW,33473.02,0.00,confirmed_zero,1.0,fixture_manual,split_adjusted_close,approved
005930,KR,2018-09-30,KRW,33667.16,67.33,confirmed_value,1.0,fixture_manual,split_adjusted_close,approved
005930,KR,2018-10-31,KRW,33862.43,0.00,confirmed_zero,1.0,fixture_manual,split_adjusted_close,approved
005930,KR,2018-11-30,KRW,34058.84,0.00,confirmed_zero,1.0,fixture_manual,split_adjusted_close,approved
005930,KR,2018-12-31,KRW,34256.38,68.51,confirmed_value,1.0,fixture_manual,split_adjusted_close,approved
005930,KR,2019-01-31,KRW,34455.06,0.00,confirmed_zero,1.0,fixture_manual,split_adjusted_close,approved
005930,KR,2019-02-28,KRW,34654.90,0.00,confirmed_zero,1.0,fixture_manual,split_adjusted_close,approved
005930,KR,2019-03-31,KRW,34855.90,69.71,confirmed_value,1.0,fixture_manual,split_adjusted_close,approved
005930,KR,2019-04-30,KRW,35058.07,0.00,confirmed_zero,1.0,fixture_manual,split_adjusted_close,approved
005930,KR,2019-05-31,KRW,35261.40,0.00,confirmed_zero,1.0,fixture_manual,split_adjusted_close,approved
005930,KR,2019-06-30,KRW,35465.92,70.93,confirmed_value,1.0,fixture_manual,split_adjusted_close,approved
005930,KR,2019-07-31,KRW,35671.62,0.00,confirmed_zero,1.0,fixture_manual,split_adjusted_close,approved
005930,KR,2019-08-31,KRW,35878.52,0.00,confirmed_zero,1.0,fixture_manual,split_adjusted_close,approved
005930,KR,2019-09-30,KRW,36086.61,72.17,confirmed_value,1.0,fixture_manual,split_adjusted_close,approved
005930,KR,2019-10-31,KRW,36295.91,0.00,confirmed_zero,1.0,fixture_manual,split_adjusted_close,approved
005930,KR,2019-11-30,KRW,36506.43,0.00,confirmed_zero,1.0,fixture_manual,split_adjusted_close,approved
005930,KR,2019-12-31,KRW,33432.59,66.87,confirmed_value,1.0,fixture_manual,split_adjusted_close,approved
005930,KR,2020-01-31,KRW,29614.59,0.00,confirmed_zero,1.0,fixture_manual,split_adjusted_close,approved
005930,KR,2020-02-29,KRW,25344.16,0.00,confirmed_zero,1.0,fixture_manual,split_adjusted_close,approved
005930,KR,2020-03-31,KRW,27011.81,54.02,confirmed_value,1.0,fixture_manual,split_adjusted_close,approved
005930,KR,2020-04-30,KRW,28519.07,0.00,confirmed_zero,1.0,fixture_manual,split_adjusted_close,approved
005930,KR,2020-05-31,KRW,29825.24,0.00,confirmed_zero,1.0,fixture_manual,split_adjusted_close,approved
005930,KR,2020-06-30,KRW,30892.99,61.79,confirmed_value,1.0,fixture_manual,split_adjusted_close,approved
005930,KR,2020-07-31,KRW,31844.49,0.00,confirmed_zero,1.0,fixture_manual,split_adjusted_close,approved
005930,KR,2020-08-31,KRW,32666.08,0.00,confirmed_zero,1.0,fixture_manual,split_adjusted_close,approved
005930,KR,2020-09-30,KRW,33443.53,66.89,confirmed_value,1.0,fixture_manual,split_adjusted_close,approved
005930,KR,2020-10-31,KRW,33637.50,0.00,confirmed_zero,1.0,fixture_manual,split_adjusted_close,approved
005930,KR,2020-11-30,KRW,33832.60,0.00,confirmed_zero,1.0,fixture_manual,split_adjusted_close,approved
005930,KR,2020-12-31,KRW,34028.83,68.06,confirmed_value,1.0,fixture_manual,split_adjusted_close,approved
005930,KR,2021-01-31,KRW,34226.20,0.00,confirmed_zero,1.0,fixture_manual,split_adjusted_close,approved
005930,KR,2021-02-28,KRW,34424.71,0.00,confirmed_zero,1.0,fixture_manual,split_adjusted_close,approved
005930,KR,2021-03-31,KRW,34624.37,69.25,confirmed_value,1.0,fixture_manual,split_adjusted_close,approved
005930,KR,2021-04-30,KRW,34825.19,0.00,confirmed_zero,1.0,fixture_manual,split_adjusted_close,approved
005930,KR,2021-05-31,KRW,35027.18,0.00,confirmed_zero,1.0,fixture_manual,split_adjusted_close,approved
005930,KR,2021-06-30,KRW,35230.34,70.46,confirmed_value,50.0,fixture_manual,split_adjusted_close,approved
005930,KR,2021-07-31,KRW,35434.67,0.00,confirmed_zero,1.0,fixture_manual,split_adjusted_close,approved
005930,KR,2021-08-31,KRW,35640.19,0.00,confirmed_zero,1.0,fixture_manual,split_adjusted_close,approved
005930,KR,2021-09-30,KRW,35846.91,71.69,confirmed_value,1.0,fixture_manual,split_adjusted_close,approved
005930,KR,2021-10-31,KRW,36054.82,0.00,confirmed_zero,1.0,fixture_manual,split_adjusted_close,approved
005930,KR,2021-11-30,KRW,36263.94,0.00,confirmed_zero,1.0,fixture_manual,split_adjusted_close,approved
005930,KR,2021-12-31,KRW,36474.27,72.95,confirmed_value,1.0,fixture_manual,split_adjusted_close,approved
005930,KR,2022-01-31,KRW,36685.82,0.00,confirmed_zero,1.0,fixture_manual,split_adjusted_close,approved
005930,KR,2022-02-28,KRW,36898.60,0.00,confirmed_zero,1.0,fixture_manual,split_adjusted_close,approved
005930,KR,2022-03-31,KRW,37112.61,74.23,confirmed_value,1.0,fixture_manual,split_adjusted_close,approved
005930,KR,2022-04-30,KRW,37327.86,0.00,confirmed_zero,1.0,fixture_manual,split_adjusted_close,approved
005930,KR,2022-05-31,KRW,37544.36,0.00,confirmed_zero,1.0,fixture_manual,split_adjusted_close,approved
005930,KR,2022-06-30,KRW,37762.12,75.52,confirmed_value,1.0,fixture_manual,split_adjusted_close,approved
005930,KR,2022-07-31,KRW,37981.14,0.00,confirmed_zero,1.0,fixture_manual,split_adjusted_close,approved
005930,KR,2022-08-31,KRW,38201.43,0.00,confirmed_zero,1.0,fixture_manual,split_adjusted_close,approved
005930,KR,2022-09-30,KRW,38423.00,76.85,confirmed_value,1.0,fixture_manual,split_adjusted_close,approved
005930,KR,2022-10-31,KRW,38645.85,0.00,confirmed_zero,1.0,fixture_manual,split_adjusted_close,approved
005930,KR,2022-11-30,KRW,38870.00,0.00,confirmed_zero,1.0,fixture_manual,split_adjusted_close,approved
005930,KR,2022-12-31,KRW,39095.44,78.19,confirmed_value,1.0,fixture_manual,split_adjusted_close,approved
005930,KR,2023-01-31,KRW,39322.20,0.00,confirmed_zero,1.0,fixture_manual,split_adjusted_close,approved
005930,KR,2023-02-28,KRW,37190.94,0.00,confirmed_zero,1.0,fixture_manual,split_adjusted_close,approved
005930,KR,2023-03-31,KRW,39266.19,78.53,confirmed_value,1.0,fixture_manual,split_adjusted_close,approved
005930,KR,2023-04-30,KRW,39493.93,0.00,confirmed_zero,1.0,fixture_manual,split_adjusted_close,approved
005930,KR,2023-05-31,KRW,39723.00,0.00,confirmed_zero,1.0,fixture_manual,split_adjusted_close,approved
005930,KR,2023-06-30,KRW,39953.39,79.91,confirmed_value,1.0,fixture_manual,split_adjusted_close,approved
005930,KR,2023-07-31,KRW,40185.12,0.00,confirmed_zero,1.0,fixture_manual,split_adjusted_close,approved
005930,KR,2023-08-31,KRW,40418.20,0.00,confirmed_zero,1.0,fixture_manual,split_adjusted_close,approved
005930,KR,2023-09-30,KRW,40652.62,81.31,confirmed_value,1.0,fixture_manual,split_adjusted_close,approved
005930,KR,2023-10-31,KRW,40888.41,0.00,confirmed_zero,1.0,fixture_manual,split_adjusted_close,approved
005930,KR,2023-11-30,KRW,41125.56,0.00,confirmed_zero,1.0,fixture_manual,split_adjusted_close,approved
005930,KR,2023-12-31,KRW,41364.09,82.73,confirmed_value,1.0,fixture_manual,split_adjusted_close,approved
005930,KR,2024-01-31,KRW,41604.00,0.00,confirmed_zero,1.0,fixture_manual,split_adjusted_close,approved
005930,KR,2024-02-29,KRW,41845.30,0.00,confirmed_zero,1.0,fixture_manual,split_adjusted_close,approved
005930,KR,2024-03-31,KRW,42088.00,84.18,confirmed_value,1.0,fixture_manual,split_adjusted_close,approved
005930,KR,2024-04-30,KRW,42332.11,0.00,confirmed_zero,1.0,fixture_manual,split_adjusted_close,approved
005930,KR,2024-05-31,KRW,42577.64,0.00,confirmed_zero,1.0,fixture_manual,split_adjusted_close,approved
005930,KR,2024-06-30,KRW,42824.59,85.65,confirmed_value,1.0,fixture_manual,split_adjusted_close,approved
005930,KR,2024-07-31,KRW,43072.97,0.00,confirmed_zero,1.0,fixture_manual,split_adjusted_close,approved
005930,KR,2024-08-31,KRW,43322.80,0.00,confirmed_zero,1.0,fixture_manual,split_adjusted_close,approved
005930,KR,2024-09-30,KRW,43574.07,87.15,confirmed_value,1.0,fixture_manual,split_adjusted_close,approved
005930,KR,2024-10-31,KRW,43826.80,0.00,confirmed_zero,1.0,fixture_manual,split_adjusted_close,approved
005930,KR,2024-11-30,KRW,44080.99,0.00,confirmed_zero,1.0,fixture_manual,split_adjusted_close,approved
005930,KR,2024-12-31,KRW,44336.66,88.67,confirmed_value,1.0,fixture_manual,split_adjusted_close,approved
005930,KR,2025-01-31,KRW,44593.82,0.00,confirmed_zero,1.0,fixture_manual,split_adjusted_close,approved
005930,KR,2025-02-28,KRW,44852.46,0.00,confirmed_zero,1.0,fixture_manual,split_adjusted_close,approved
005930,KR,2025-03-31,KRW,45112.61,90.23,confirmed_value,1.0,fixture_manual,split_adjusted_close,approved
005930,KR,2025-04-30,KRW,45374.26,0.00,confirmed_zero,1.0,fixture_manual,split_adjusted_close,approved
005930,KR,2025-05-31,KRW,45637.43,0.00,confirmed_zero,1.0,fixture_manual,split_adjusted_close,approved
005930,KR,2025-06-30,KRW,45902.13,91.80,confirmed_value,1.0,fixture_manual,split_adjusted_close,approved
005930,KR,2025-07-31,KRW,46168.36,0.00,confirmed_zero,1.0,fixture_manual,split_adjusted_close,approved
005930,KR,2025-08-31,KRW,46436.14,0.00,confirmed_zero,1.0,fixture_manual,split_adjusted_close,approved
005930,KR,2025-09-30,KRW,46705.46,93.41,confirmed_value,1.0,fixture_manual,split_adjusted_close,approved
005930,KR,2025-10-31,KRW,46976.36,0.00,confirmed_zero,1.0,fixture_manual,split_adjusted_close,approved
005930,KR,2025-11-30,KRW,47248.82,0.00,confirmed_zero,1.0,fixture_manual,split_adjusted_close,approved
005930,KR,2025-12-31,KRW,47522.86,95.05,confirmed_value,1.0,fixture_manual,split_adjusted_close,approved
005930,KR,2026-01-31,KRW,47798.49,0.00,confirmed_zero,1.0,fixture_manual,split_adjusted_close,approved
005930,KR,2026-02-28,KRW,48075.73,0.00,confirmed_zero,1.0,fixture_manual,split_adjusted_close,approved
005930,KR,2026-03-31,KRW,48354.57,96.71,confirmed_value,1.0,fixture_manual,split_adjusted_close,approved
005930,KR,2026-04-30,KRW,48635.02,0.00,confirmed_zero,1.0,fixture_manual,split_adjusted_close,approved
005930,KR,2026-05-31,KRW,48917.11,0.00,confirmed_zero,1.0,fixture_manual,split_adjusted_close,approved
005930,KR,2026-06-30,KRW,49200.82,98.40,confirmed_value,1.0,fixture_manual,split_adjusted_close,approved
123456,KR,2023-07-31,KRW,10000.00,,missing,1.0,fixture_manual,split_adjusted_close,approved
123456,KR,2023-08-31,KRW,10020.00,,missing,1.0,fixture_manual,split_adjusted_close,approved
123456,KR,2023-09-30,KRW,10040.04,,missing,1.0,fixture_manual,split_adjusted_close,approved
123456,KR,2023-10-31,KRW,10060.12,,missing,1.0,fixture_manual,split_adjusted_close,approved
123456,KR,2023-11-30,KRW,10080.24,,missing,1.0,fixture_manual,split_adjusted_close,approved
123456,KR,2023-12-31,KRW,10100.40,,missing,1.0,fixture_manual,split_adjusted_close,approved
123456,KR,2024-01-31,KRW,10120.60,,missing,1.0,fixture_manual,split_adjusted_close,approved
123456,KR,2024-02-29,KRW,10140.84,,missing,1.0,fixture_manual,split_adjusted_close,approved
123456,KR,2024-03-31,KRW,10161.12,,missing,1.0,fixture_manual,split_adjusted_close,approved
123456,KR,2024-04-30,KRW,10181.45,,missing,1.0,fixture_manual,split_adjusted_close,approved
123456,KR,2024-05-31,KRW,9387.29,,missing,1.0,fixture_manual,split_adjusted_close,approved
123456,KR,2024-06-30,KRW,8842.83,,missing,1.0,fixture_manual,split_adjusted_close,approved
123456,KR,2024-07-31,KRW,8506.80,,missing,1.0,fixture_manual,split_adjusted_close,approved
123456,KR,2024-08-31,KRW,8779.02,,missing,1.0,fixture_manual,split_adjusted_close,approved
123456,KR,2024-09-30,KRW,9016.05,,missing,1.0,fixture_manual,split_adjusted_close,approved
123456,KR,2024-10-31,KRW,9214.41,,missing,1.0,fixture_manual,split_adjusted_close,approved
123456,KR,2024-11-30,KRW,9371.05,,missing,1.0,fixture_manual,split_adjusted_close,approved
123456,KR,2024-12-31,KRW,9389.79,,missing,1.0,fixture_manual,split_adjusted_close,approved
123456,KR,2025-01-31,KRW,9408.57,,missing,1.0,fixture_manual,split_adjusted_close,approved
123456,KR,2025-02-28,KRW,9427.39,,missing,1.0,fixture_manual,split_adjusted_close,approved
123456,KR,2025-03-31,KRW,9446.25,,missing,1.0,fixture_manual,split_adjusted_close,approved
123456,KR,2025-04-30,KRW,9465.14,,missing,1.0,fixture_manual,split_adjusted_close,approved
123456,KR,2025-05-31,KRW,9484.07,,missing,1.0,fixture_manual,split_adjusted_close,approved
123456,KR,2025-06-30,KRW,9503.04,,missing,1.0,fixture_manual,split_adjusted_close,approved
123456,KR,2025-07-31,KRW,9522.04,,missing,1.0,fixture_manual,split_adjusted_close,approved
123456,KR,2025-08-31,KRW,9541.09,,missing,1.0,fixture_manual,split_adjusted_close,approved
123456,KR,2025-09-30,KRW,9560.17,,missing,1.0,fixture_manual,split_adjusted_close,approved
123456,KR,2025-10-31,KRW,9579.29,,missing,1.0,fixture_manual,split_adjusted_close,approved
123456,KR,2025-11-30,KRW,9598.45,,missing,1.0,fixture_manual,split_adjusted_close,approved
123456,KR,2025-12-31,KRW,9617.65,,missing,1.0,fixture_manual,split_adjusted_close,approved
123456,KR,2026-01-31,KRW,9636.88,,missing,1.0,fixture_manual,split_adjusted_close,approved
123456,KR,2026-02-28,KRW,9656.15,,missing,1.0,fixture_manual,split_adjusted_close,approved
123456,KR,2026-03-31,KRW,9675.47,,missing,1.0,fixture_manual,split_adjusted_close,approved
123456,KR,2026-04-30,KRW,9694.82,,missing,1.0,fixture_manual,split_adjusted_close,approved
123456,KR,2026-05-31,KRW,9714.21,,missing,1.0,fixture_manual,split_adjusted_close,approved
123456,KR,2026-06-30,KRW,9733.64,,missing,1.0,fixture_manual,split_adjusted_close,approved
